,startDate,endDate,key_0,key_1,clicks,ctr,impressions,position,startDate,endDate
0,2020-02-01,2020-02-29,個室で作業できる場所,https://www.instabase.jp/guides/freelance,119.0,0.3595166163141994,331.0,2.093655589123867,2020-02-01,2020-02-29
1,2020-02-01,2020-02-29,個室 作業スペース,https://www.instabase.jp/guides/freelance,54.0,0.4576271186440678,118.0,1.2372881355932204,2020-02-01,2020-02-29
2,2020-02-01,2020-02-29,個室 レンタル 一人,https://www.instabase.jp/guides/freelance,49.0,0.3310810810810811,148.0,3.1216216216216215,2020-02-01,2020-02-29
3,2020-02-01,2020-02-29,公民館 借りる,https://www.instabase.jp/guides/community_center,24.0,0.192,125.0,4.136,2020-02-01,2020-02-29
4,2020-02-01,2020-02-29,個室 勉強,https://www.instabase.jp/guides/freelance,21.0,0.11602209944751381,181.0,7.193370165745856,2020-02-01,2020-02-29
5,2020-02-01,2020-02-29,wifi 個室 カフェ,https://www.instabase.jp/guides/freelance,19.0,0.2087912087912088,91.0,3.208791208791209,2020-02-01,2020-02-29
6,2020-02-01,2020-02-29,個室 仕事,https://www.instabase.jp/guides/freelance,19.0,0.35185185185185186,54.0,1.1851851851851851,2020-02-01,2020-02-29
7,2020-02-01,2020-02-29,貸し教室,https://www.instabase.jp/guides/lesson,19.0,0.05828220858895705,326.0,3.049079754601227,2020-02-01,2020-02-29
8,2020-02-01,2020-02-29,教室 レンタル,https://www.instabase.jp/guides/lesson,16.0,0.10126582278481013,158.0,2.651898734177215,2020-02-01,2020-02-29
9,2020-02-01,2020-02-29,公民館 借りる 個人,https://www.instabase.jp/guides/community_center,15.0,0.4166666666666667,36.0,1.5555555555555556,2020-02-01,2020-02-29
10,2020-02-01,2020-02-29,レンタルスペース 一人,https://www.instabase.jp/guides/freelance,14.0,0.2978723404255319,47.0,5.851063829787234,2020-02-01,2020-02-29
11,2020-02-01,2020-02-29,電話ができるカフェ,https://www.instabase.jp/guides/freelance,14.0,0.30434782608695654,46.0,5.978260869565218,2020-02-01,2020-02-29
12,2020-02-01,2020-02-29,wifi 個室,https://www.instabase.jp/guides/freelance,13.0,0.3611111111111111,36.0,2.8055555555555554,2020-02-01,2020-02-29
13,2020-02-01,2020-02-29,自習室 個室 防音,https://www.instabase.jp/guides/freelance,12.0,0.6666666666666666,18.0,1.0,2020-02-01,2020-02-29
14,2020-02-01,2020-02-29,電話できるカフェ,https://www.instabase.jp/guides/freelance,12.0,0.16216216216216217,74.0,3.918918918918919,2020-02-01,2020-02-29
15,2020-02-01,2020-02-29,web会議 カフェ,https://www.instabase.jp/guides/cafe,11.0,0.15714285714285714,70.0,5.057142857142857,2020-02-01,2020-02-29
16,2020-02-01,2020-02-29,カフェ 会議室,https://www.instabase.jp/guides/cafe,11.0,0.14666666666666667,75.0,4.173333333333334,2020-02-01,2020-02-29
17,2020-02-01,2020-02-29,京都 公民館 レンタル,https://www.instabase.jp/guides/community_center,11.0,0.14666666666666667,75.0,7.04,2020-02-01,2020-02-29
18,2020-02-01,2020-02-29,公民館 レンタル,https://www.instabase.jp/guides/community_center,11.0,0.2,55.0,4.672727272727273,2020-02-01,2020-02-29
19,2020-02-01,2020-02-29,新宿 個室 仕事,https://www.instabase.jp/guides/freelance,11.0,0.3548387096774194,31.0,5.419354838709677,2020-02-01,2020-02-29
20,2020-02-01,2020-02-29,電話 個室,https://www.instabase.jp/guides/freelance,11.0,0.39285714285714285,28.0,2.892857142857143,2020-02-01,2020-02-29
21,2020-02-01,2020-02-29,カフェ 会議,https://www.instabase.jp/guides/cafe,10.0,0.19607843137254902,51.0,2.9019607843137254,2020-02-01,2020-02-29
22,2020-02-01,2020-02-29,レンタル教室,https://www.instabase.jp/guides/lesson,10.0,0.17543859649122806,57.0,2.8771929824561404,2020-02-01,2020-02-29
23,2020-02-01,2020-02-29,会議 カフェ,https://www.instabase.jp/guides/cafe,10.0,0.3448275862068966,29.0,3.2413793103448274,2020-02-01,2020-02-29
24,2020-02-01,2020-02-29,個室 勉強部屋,https://www.instabase.jp/guides/freelance,10.0,0.5,20.0,1.7,2020-02-01,2020-02-29
25,2020-02-01,2020-02-29,個室 自習室,https://www.instabase.jp/guides/freelance,10.0,0.45454545454545453,22.0,3.8636363636363638,2020-02-01,2020-02-29
26,2020-02-01,2020-02-29,個室 電話できる,https://www.instabase.jp/guides/freelance,10.0,0.2857142857142857,35.0,2.9142857142857146,2020-02-01,2020-02-29
27,2020-02-01,2020-02-29,電話がしやすいカフェ,https://www.instabase.jp/guides/freelance,10.0,0.11627906976744186,86.0,7.3023255813953485,2020-02-01,2020-02-29
28,2020-02-01,2020-02-29,電話できる場所,https://www.instabase.jp/guides/freelance,10.0,0.060240963855421686,166.0,9.180722891566266,2020-02-01,2020-02-29
29,2020-02-01,2020-02-29,電話会議 場所,https://www.instabase.jp/guides/freelance,10.0,0.24390243902439024,41.0,2.048780487804878,2020-02-01,2020-02-29
30,2020-02-01,2020-02-29,個室 作業,https://www.instabase.jp/guides/freelance,9.0,0.391304347826087,23.0,1.0869565217391304,2020-02-01,2020-02-29
31,2020-02-01,2020-02-29,勉強 個室 レンタル,https://www.instabase.jp/guides/freelance,9.0,0.3,30.0,2.1333333333333333,2020-02-01,2020-02-29
32,2020-02-01,2020-02-29,勉強部屋 個室,https://www.instabase.jp/guides/freelance,9.0,0.391304347826087,23.0,2.0,2020-02-01,2020-02-29
33,2020-02-01,2020-02-29,打ち合わせ カフェ,https://www.instabase.jp/guides/cafe,9.0,0.07086614173228346,127.0,6.6141732283464565,2020-02-01,2020-02-29
34,2020-02-01,2020-02-29,レンタルスペース 仕事,https://www.instabase.jp/guides/freelance,8.0,0.4,20.0,3.8,2020-02-01,2020-02-29
35,2020-02-01,2020-02-29,レンタルスペース 開業,https://www.instabase.jp/guides/newcomer,8.0,0.12307692307692308,65.0,4.830769230769231,2020-02-01,2020-02-29
36,2020-02-01,2020-02-29,仕事 個室 レンタル,https://www.instabase.jp/guides/freelance,8.0,0.7272727272727273,11.0,1.0,2020-02-01,2020-02-29
37,2020-02-01,2020-02-29,会議ができるカフェ,https://www.instabase.jp/guides/cafe,8.0,0.3333333333333333,24.0,2.708333333333333,2020-02-01,2020-02-29
38,2020-02-01,2020-02-29,自習室 個室,https://www.instabase.jp/guides/freelance,8.0,0.1568627450980392,51.0,4.666666666666666,2020-02-01,2020-02-29
39,2020-02-01,2020-02-29,貸し教室 経営,https://www.instabase.jp/guides/lesson,8.0,0.23529411764705882,34.0,2.0294117647058822,2020-02-01,2020-02-29
40,2020-02-01,2020-02-29,電話できる個室,https://www.instabase.jp/guides/freelance,8.0,0.25806451612903225,31.0,3.225806451612903,2020-02-01,2020-02-29
41,2020-02-01,2020-02-29,wi-fi 個室,https://www.instabase.jp/guides/freelance,7.0,0.3684210526315789,19.0,2.3157894736842106,2020-02-01,2020-02-29
42,2020-02-01,2020-02-29,仕事 個室,https://www.instabase.jp/guides/freelance,7.0,0.20588235294117646,34.0,1.6764705882352942,2020-02-01,2020-02-29
43,2020-02-01,2020-02-29,個室 ワークスペース,https://www.instabase.jp/guides/freelance,7.0,0.20588235294117646,34.0,7.382352941176471,2020-02-01,2020-02-29
44,2020-02-01,2020-02-29,個室ブース,https://www.instabase.jp/guides/freelance,7.0,0.11666666666666667,60.0,2.35,2020-02-01,2020-02-29
45,2020-02-01,2020-02-29,公民館 キッチン,https://www.instabase.jp/guides/community_center,7.0,0.25,28.0,2.7857142857142856,2020-02-01,2020-02-29
46,2020-02-01,2020-02-29,公民館 キッチン レンタル,https://www.instabase.jp/guides/community_center,7.0,0.2916666666666667,24.0,2.25,2020-02-01,2020-02-29
47,2020-02-01,2020-02-29,公民館 借り方,https://www.instabase.jp/guides/community_center,7.0,0.1076923076923077,65.0,6.553846153846154,2020-02-01,2020-02-29
48,2020-02-01,2020-02-29,勉強部屋 レンタル,https://www.instabase.jp/guides/freelance,7.0,0.06930693069306931,101.0,4.663366336633663,2020-02-01,2020-02-29
49,2020-02-01,2020-02-29,大阪 公民館 レンタル,https://www.instabase.jp/guides/community_center,7.0,0.30434782608695654,23.0,4.6521739130434785,2020-02-01,2020-02-29
50,2020-02-01,2020-02-29,新宿 電話できる場所,https://www.instabase.jp/guides/freelance,7.0,0.1346153846153846,52.0,3.9615384615384617,2020-02-01,2020-02-29
51,2020-02-01,2020-02-29,電話できる場所 大阪,https://www.instabase.jp/guides/freelance,7.0,0.3684210526315789,19.0,2.894736842105263,2020-02-01,2020-02-29
52,2020-02-01,2020-02-29,レンタルスタジオ 撮影,https://www.instabase.jp/guides/studio,6.0,0.03550295857988166,169.0,8.479289940828401,2020-02-01,2020-02-29
53,2020-02-01,2020-02-29,レンタルスペース 撮影,https://www.instabase.jp/guides/studio,6.0,0.03896103896103896,154.0,7.064935064935065,2020-02-01,2020-02-29
54,2020-02-01,2020-02-29,個室 ブース,https://www.instabase.jp/guides/freelance,6.0,0.4,15.0,1.8666666666666667,2020-02-01,2020-02-29
55,2020-02-01,2020-02-29,公民館 貸し出し,https://www.instabase.jp/guides/community_center,6.0,0.3,20.0,4.35,2020-02-01,2020-02-29
56,2020-02-01,2020-02-29,女子会 貸切 少人数,https://www.instabase.jp/guides/girls_party,6.0,0.05217391304347826,115.0,4.721739130434782,2020-02-01,2020-02-29
57,2020-02-01,2020-02-29,撮影スタジオ レンタル,https://www.instabase.jp/guides/studio,6.0,0.02631578947368421,228.0,8.320175438596491,2020-02-01,2020-02-29
58,2020-02-01,2020-02-29,東京 公民館 レンタル,https://www.instabase.jp/guides/community_center,6.0,0.18181818181818182,33.0,1.5151515151515151,2020-02-01,2020-02-29
59,2020-02-01,2020-02-29,自宅 貸し 教室,https://www.instabase.jp/guides/lesson,6.0,0.24,25.0,1.8399999999999999,2020-02-01,2020-02-29
60,2020-02-01,2020-02-29,貸し教室 料金,https://www.instabase.jp/guides/lesson,6.0,0.2727272727272727,22.0,1.0,2020-02-01,2020-02-29
61,2020-02-01,2020-02-29,集会所 借りる,https://www.instabase.jp/guides/community_center,6.0,0.24,25.0,2.08,2020-02-01,2020-02-29
62,2020-02-01,2020-02-29,電話スペース,https://www.instabase.jp/guides/freelance,6.0,0.24,25.0,1.48,2020-02-01,2020-02-29
63,2020-02-01,2020-02-29,カウンセリング 部屋 借りる,https://www.instabase.jp/guides/therapy,5.0,0.18518518518518517,27.0,1.9629629629629628,2020-02-01,2020-02-29
64,2020-02-01,2020-02-29,カウンセリングルーム レンタル,https://www.instabase.jp/guides/therapy,5.0,0.45454545454545453,11.0,1.1818181818181819,2020-02-01,2020-02-29
65,2020-02-01,2020-02-29,フォトスタジオ レンタル,https://www.instabase.jp/guides/studio,5.0,0.08928571428571429,56.0,8.464285714285715,2020-02-01,2020-02-29
66,2020-02-01,2020-02-29,レンタル 教室,https://www.instabase.jp/guides/lesson,5.0,0.20833333333333334,24.0,2.75,2020-02-01,2020-02-29
67,2020-02-01,2020-02-29,レンタルスペース 用途,https://www.instabase.jp/guides,5.0,0.16666666666666666,30.0,1.7666666666666666,2020-02-01,2020-02-29
68,2020-02-01,2020-02-29,ワークスペース 個室,https://www.instabase.jp/guides/freelance,5.0,0.19230769230769232,26.0,4.076923076923077,2020-02-01,2020-02-29
69,2020-02-01,2020-02-29,公共施設 レンタルスペース,https://www.instabase.jp/guides/community_center,5.0,0.0684931506849315,73.0,2.1643835616438354,2020-02-01,2020-02-29
70,2020-02-01,2020-02-29,公民館 レンタル料,https://www.instabase.jp/guides/community_center,5.0,0.10869565217391304,46.0,4.043478260869565,2020-02-01,2020-02-29
71,2020-02-01,2020-02-29,勉強 個室 東京,https://www.instabase.jp/guides/freelance,5.0,0.19230769230769232,26.0,5.653846153846154,2020-02-01,2020-02-29
72,2020-02-01,2020-02-29,打ち合わせ カフェ 個室,https://www.instabase.jp/guides/cafe,5.0,0.12195121951219512,41.0,5.585365853658536,2020-02-01,2020-02-29
73,2020-02-01,2020-02-29,教室 レンタルスペース,https://www.instabase.jp/guides/lesson,5.0,0.17857142857142858,28.0,3.1785714285714284,2020-02-01,2020-02-29
74,2020-02-01,2020-02-29,新宿 公民館 レンタル,https://www.instabase.jp/guides/community_center,5.0,0.09433962264150944,53.0,10.320754716981131,2020-02-01,2020-02-29
75,2020-02-01,2020-02-29,東京 公民館,https://www.instabase.jp/guides/community_center,5.0,0.11627906976744186,43.0,4.558139534883721,2020-02-01,2020-02-29
76,2020-02-01,2020-02-29,無料で借りれる施設,https://www.instabase.jp/guides/community_center,5.0,0.29411764705882354,17.0,2.5882352941176467,2020-02-01,2020-02-29
77,2020-02-01,2020-02-29,貸し教室 東京,https://www.instabase.jp/guides/lesson,5.0,0.06666666666666667,75.0,3.0533333333333332,2020-02-01,2020-02-29
78,2020-02-01,2020-02-29,都内 公民館 レンタル,https://www.instabase.jp/guides/community_center,5.0,0.29411764705882354,17.0,2.0,2020-02-01,2020-02-29
79,2020-02-01,2020-02-29,カウンセリング 場所,https://www.instabase.jp/guides/therapy,4.0,0.06557377049180328,61.0,2.2622950819672134,2020-02-01,2020-02-29
80,2020-02-01,2020-02-29,カフェ 電話会議,https://www.instabase.jp/guides/freelance,4.0,0.1,40.0,5.5,2020-02-01,2020-02-29
81,2020-02-01,2020-02-29,セッション できる カフェ,https://www.instabase.jp/guides/therapy,4.0,0.21052631578947367,19.0,3.4210526315789473,2020-02-01,2020-02-29
82,2020-02-01,2020-02-29,レンタル スペース 開業 支援,https://www.instabase.jp/guides/newcomer,4.0,0.058823529411764705,68.0,8.632352941176471,2020-02-01,2020-02-29
83,2020-02-01,2020-02-29,レンタルサロン 始め方,https://www.instabase.jp/guides/newcomer,4.0,0.14285714285714285,28.0,4.571428571428571,2020-02-01,2020-02-29
84,2020-02-01,2020-02-29,レンタル書斎,https://www.instabase.jp/guides/freelance,4.0,0.21052631578947367,19.0,4.526315789473684,2020-02-01,2020-02-29
85,2020-02-01,2020-02-29,作業スペース 個室,https://www.instabase.jp/guides/freelance,4.0,0.3333333333333333,12.0,2.25,2020-02-01,2020-02-29
86,2020-02-01,2020-02-29,個室 wifi,https://www.instabase.jp/guides/freelance,4.0,0.17391304347826086,23.0,2.3478260869565215,2020-02-01,2020-02-29
87,2020-02-01,2020-02-29,個室 仕事スペース,https://www.instabase.jp/guides/freelance,4.0,0.4444444444444444,9.0,1.5555555555555556,2020-02-01,2020-02-29
88,2020-02-01,2020-02-29,個室 勉強 東京,https://www.instabase.jp/guides/freelance,4.0,0.4,10.0,5.4,2020-02-01,2020-02-29
89,2020-02-01,2020-02-29,個室 勉強 無料,https://www.instabase.jp/guides/freelance,4.0,0.12903225806451613,31.0,9.064516129032258,2020-02-01,2020-02-29
90,2020-02-01,2020-02-29,個室 打ち合わせ,https://www.instabase.jp/guides/cafe,4.0,0.3333333333333333,12.0,3.0,2020-02-01,2020-02-29
91,2020-02-01,2020-02-29,個室 話せる場所,https://www.instabase.jp/guides/freelance,4.0,0.21052631578947367,19.0,2.8421052631578947,2020-02-01,2020-02-29
92,2020-02-01,2020-02-29,公民館 借り方 福岡市,https://www.instabase.jp/guides/community_center,4.0,0.23529411764705882,17.0,8.705882352941178,2020-02-01,2020-02-29
93,2020-02-01,2020-02-29,名古屋 個室 仕事,https://www.instabase.jp/guides/freelance,4.0,0.2857142857142857,14.0,2.357142857142857,2020-02-01,2020-02-29
94,2020-02-01,2020-02-29,完全個室 自習室 東京,https://www.instabase.jp/guides/freelance,4.0,0.5,8.0,3.375,2020-02-01,2020-02-29
95,2020-02-01,2020-02-29,教室 借りる,https://www.instabase.jp/guides/lesson,4.0,0.2222222222222222,18.0,1.5,2020-02-01,2020-02-29
96,2020-02-01,2020-02-29,教室 貸し出し,https://www.instabase.jp/guides/lesson,4.0,0.013114754098360656,305.0,1.0065573770491802,2020-02-01,2020-02-29
97,2020-02-01,2020-02-29,新宿 会議室 カフェ,https://www.instabase.jp/guides/cafe,4.0,0.16666666666666666,24.0,4.541666666666666,2020-02-01,2020-02-29
98,2020-02-01,2020-02-29,東京駅 電話できる場所,https://www.instabase.jp/guides/freelance,4.0,0.21052631578947367,19.0,12.157894736842104,2020-02-01,2020-02-29
99,2020-02-01,2020-02-29,福岡市 公民館 借りる,https://www.instabase.jp/guides/community_center,4.0,0.23529411764705882,17.0,6.764705882352941,2020-02-01,2020-02-29
100,2020-02-01,2020-02-29,電話 スペース,https://www.instabase.jp/guides/freelance,4.0,0.2857142857142857,14.0,1.2857142857142856,2020-02-01,2020-02-29
101,2020-02-01,2020-02-29,電話会議 カフェ,https://www.instabase.jp/guides/cafe,4.0,0.5,8.0,4.0,2020-02-01,2020-02-29
102,2020-02-01,2020-02-29,カフェ ミーティング,https://www.instabase.jp/guides/cafe,3.0,0.08108108108108109,37.0,6.972972972972973,2020-02-01,2020-02-29
103,2020-02-01,2020-02-29,カフェ 打ち合わせ 個室,https://www.instabase.jp/guides/cafe,3.0,0.42857142857142855,7.0,2.2857142857142856,2020-02-01,2020-02-29
104,2020-02-01,2020-02-29,カフェ 電話ok,https://www.instabase.jp/guides/freelance,3.0,0.02586206896551724,116.0,9.21551724137931,2020-02-01,2020-02-29
105,2020-02-01,2020-02-29,ミーティング カフェ,https://www.instabase.jp/guides/cafe,3.0,0.11538461538461539,26.0,6.038461538461538,2020-02-01,2020-02-29
106,2020-02-01,2020-02-29,レンタル スペース お 教室,https://www.instabase.jp/guides/lesson,3.0,0.125,24.0,1.375,2020-02-01,2020-02-29
107,2020-02-01,2020-02-29,レンタルスペース 定期利用,https://www.instabase.jp/guides/lesson,3.0,0.375,8.0,2.625,2020-02-01,2020-02-29
108,2020-02-01,2020-02-29,レンタル写真スタジオ,https://www.instabase.jp/guides/studio,3.0,0.15,20.0,9.0,2020-02-01,2020-02-29
109,2020-02-01,2020-02-29,会議室 カフェ,https://www.instabase.jp/guides/cafe,3.0,0.1111111111111111,27.0,3.814814814814815,2020-02-01,2020-02-29
110,2020-02-01,2020-02-29,会議室 喫茶店,https://www.instabase.jp/guides/cafe,3.0,0.14285714285714285,21.0,3.2857142857142856,2020-02-01,2020-02-29
111,2020-02-01,2020-02-29,個室 作業 スペース,https://www.instabase.jp/guides/freelance,3.0,0.3,10.0,1.5,2020-02-01,2020-02-29
112,2020-02-01,2020-02-29,公民館 東京,https://www.instabase.jp/guides/community_center,3.0,0.061224489795918366,49.0,4.755102040816327,2020-02-01,2020-02-29
113,2020-02-01,2020-02-29,公民館 貸出,https://www.instabase.jp/guides/community_center,3.0,0.3333333333333333,9.0,2.4444444444444446,2020-02-01,2020-02-29
114,2020-02-01,2020-02-29,公民館を借りるには,https://www.instabase.jp/guides/community_center,3.0,0.15789473684210525,19.0,5.105263157894737,2020-02-01,2020-02-29
115,2020-02-01,2020-02-29,勉強 個室,https://www.instabase.jp/guides/freelance,3.0,0.06976744186046512,43.0,8.209302325581396,2020-02-01,2020-02-29
116,2020-02-01,2020-02-29,喫茶店 会議室,https://www.instabase.jp/guides/cafe,3.0,0.08571428571428572,35.0,3.7142857142857144,2020-02-01,2020-02-29
117,2020-02-01,2020-02-29,学校 レンタル,https://www.instabase.jp/guides/lesson,3.0,0.3,10.0,3.1,2020-02-01,2020-02-29
118,2020-02-01,2020-02-29,完全個室 自習室,https://www.instabase.jp/guides/freelance,3.0,0.3333333333333333,9.0,2.2222222222222223,2020-02-01,2020-02-29
119,2020-02-01,2020-02-29,打ち合わせ 喫茶店,https://www.instabase.jp/guides/cafe,3.0,0.075,40.0,5.625,2020-02-01,2020-02-29
120,2020-02-01,2020-02-29,撮影場所 レンタル,https://www.instabase.jp/guides/studio,3.0,0.05357142857142857,56.0,6.214285714285714,2020-02-01,2020-02-29
121,2020-02-01,2020-02-29,教室レンタル,https://www.instabase.jp/guides/lesson,3.0,0.2,15.0,2.466666666666667,2020-02-01,2020-02-29
122,2020-02-01,2020-02-29,渋谷 電話できる場所,https://www.instabase.jp/guides/freelance,3.0,0.1,30.0,4.066666666666666,2020-02-01,2020-02-29
123,2020-02-01,2020-02-29,自習室 東京,https://www.instabase.jp/guides/freelance,3.0,0.375,8.0,19.125,2020-02-01,2020-02-29
124,2020-02-01,2020-02-29,貸し 教室,https://www.instabase.jp/guides/lesson,3.0,0.375,8.0,3.875,2020-02-01,2020-02-29
125,2020-02-01,2020-02-29,貸しスタジオ 撮影,https://www.instabase.jp/guides/studio,3.0,0.0410958904109589,73.0,7.465753424657534,2020-02-01,2020-02-29
126,2020-02-01,2020-02-29,都内 公民館 貸し出し,https://www.instabase.jp/guides/community_center,3.0,0.14285714285714285,21.0,1.0476190476190477,2020-02-01,2020-02-29
127,2020-02-01,2020-02-29,電話できる カフェ,https://www.instabase.jp/guides/freelance,3.0,0.15789473684210525,19.0,4.157894736842105,2020-02-01,2020-02-29
128,2020-02-01,2020-02-29,電話会議 カフェ,https://www.instabase.jp/guides/freelance,3.0,0.2727272727272727,11.0,4.0,2020-02-01,2020-02-29
129,2020-02-01,2020-02-29,1人で電話できる場所,https://www.instabase.jp/guides/freelance,2.0,0.10526315789473684,19.0,7.052631578947368,2020-02-01,2020-02-29
130,2020-02-01,2020-02-29,オンラインミーティング 場所,https://www.instabase.jp/guides/cafe,2.0,0.6666666666666666,3.0,4.333333333333334,2020-02-01,2020-02-29
131,2020-02-01,2020-02-29,カフェ 個室 予約,https://www.instabase.jp/guides/cafe,2.0,0.11764705882352941,17.0,10.882352941176471,2020-02-01,2020-02-29
132,2020-02-01,2020-02-29,カフェ 打ち合わせ,https://www.instabase.jp/guides/cafe,2.0,0.03773584905660377,53.0,6.471698113207547,2020-02-01,2020-02-29
133,2020-02-01,2020-02-29,カードゲーム オフ会,https://www.instabase.jp/guides/game,2.0,0.09090909090909091,22.0,3.090909090909091,2020-02-01,2020-02-29
134,2020-02-01,2020-02-29,シェアサロン 開業,https://www.instabase.jp/guides/newcomer,2.0,0.06666666666666667,30.0,7.733333333333333,2020-02-01,2020-02-29
135,2020-02-01,2020-02-29,セミナールーム レンタル,https://www.instabase.jp/guides/seminar,2.0,0.15384615384615385,13.0,4.6923076923076925,2020-02-01,2020-02-29
136,2020-02-01,2020-02-29,パソコン作業できる場所,https://www.instabase.jp/guides/freelance,2.0,0.1111111111111111,18.0,9.11111111111111,2020-02-01,2020-02-29
137,2020-02-01,2020-02-29,ミーティングカフェ,https://www.instabase.jp/guides/cafe,2.0,0.08695652173913043,23.0,6.0,2020-02-01,2020-02-29
138,2020-02-01,2020-02-29,レンタル 書斎,https://www.instabase.jp/guides/freelance,2.0,0.16666666666666666,12.0,5.25,2020-02-01,2020-02-29
139,2020-02-01,2020-02-29,レンタルサロン 開業,https://www.instabase.jp/guides/newcomer,2.0,0.041666666666666664,48.0,6.395833333333333,2020-02-01,2020-02-29
140,2020-02-01,2020-02-29,レンタルサロン 集客方法,https://www.instabase.jp/guides/newcomer,2.0,0.034482758620689655,58.0,4.948275862068965,2020-02-01,2020-02-29
141,2020-02-01,2020-02-29,レンタルスペース 教室,https://www.instabase.jp/guides/lesson,2.0,0.15384615384615385,13.0,3.1538461538461537,2020-02-01,2020-02-29
142,2020-02-01,2020-02-29,レンタルスペース 起業,https://www.instabase.jp/guides/newcomer,2.0,0.06060606060606061,33.0,7.636363636363637,2020-02-01,2020-02-29
143,2020-02-01,2020-02-29,レンタルルーム カウンセリング,https://www.instabase.jp/guides/therapy,2.0,0.030303030303030304,66.0,1.0454545454545454,2020-02-01,2020-02-29
144,2020-02-01,2020-02-29,レンタルルーム 開業,https://www.instabase.jp/guides/newcomer,2.0,0.07407407407407407,27.0,8.333333333333332,2020-02-01,2020-02-29
145,2020-02-01,2020-02-29,作業 個室,https://www.instabase.jp/guides/freelance,2.0,0.5,4.0,1.25,2020-02-01,2020-02-29
146,2020-02-01,2020-02-29,作業できる場所,https://www.instabase.jp/guides/freelance,2.0,0.05405405405405406,37.0,9.324324324324325,2020-02-01,2020-02-29
147,2020-02-01,2020-02-29,作業スペース,https://www.instabase.jp/guides/freelance,2.0,0.012121212121212121,165.0,8.539393939393939,2020-02-01,2020-02-29
148,2020-02-01,2020-02-29,個室で作業できる場所,https://www.instabase.jp/guides/cafe,2.0,0.07692307692307693,26.0,3.1538461538461537,2020-02-01,2020-02-29
149,2020-02-01,2020-02-29,個室で話せる場所,https://www.instabase.jp/guides/freelance,2.0,0.07407407407407407,27.0,6.2592592592592595,2020-02-01,2020-02-29
150,2020-02-01,2020-02-29,個室自習室,https://www.instabase.jp/guides/freelance,2.0,0.2222222222222222,9.0,4.0,2020-02-01,2020-02-29
151,2020-02-01,2020-02-29,公民館 会議室,https://www.instabase.jp/guides/community_center,2.0,0.08,25.0,5.04,2020-02-01,2020-02-29
152,2020-02-01,2020-02-29,公民館 会議室 東京,https://www.instabase.jp/guides/community_center,2.0,0.6666666666666666,3.0,2.0,2020-02-01,2020-02-29
153,2020-02-01,2020-02-29,公民館 借りるには,https://www.instabase.jp/guides/community_center,2.0,0.5,4.0,4.0,2020-02-01,2020-02-29
154,2020-02-01,2020-02-29,公民館 貸切,https://www.instabase.jp/guides/community_center,2.0,0.16666666666666666,12.0,3.25,2020-02-01,2020-02-29
155,2020-02-01,2020-02-29,公民館 部屋 借りる,https://www.instabase.jp/guides/community_center,2.0,0.2857142857142857,7.0,3.4285714285714284,2020-02-01,2020-02-29
156,2020-02-01,2020-02-29,創作スペース 東京,https://www.instabase.jp/guides/freelance,2.0,0.07692307692307693,26.0,9.538461538461538,2020-02-01,2020-02-29
157,2020-02-01,2020-02-29,勉強 wifi,https://www.instabase.jp/guides/study_group,2.0,0.18181818181818182,11.0,5.636363636363637,2020-02-01,2020-02-29
158,2020-02-01,2020-02-29,勉強個室,https://www.instabase.jp/guides/freelance,2.0,0.18181818181818182,11.0,6.818181818181818,2020-02-01,2020-02-29
159,2020-02-01,2020-02-29,場所貸し 相場,https://www.instabase.jp/guides/lesson,2.0,0.13333333333333333,15.0,3.2,2020-02-01,2020-02-29
160,2020-02-01,2020-02-29,外 仕事 場所,https://www.instabase.jp/guides/freelance,2.0,0.2,10.0,10.2,2020-02-01,2020-02-29
161,2020-02-01,2020-02-29,大阪 公民館 和室,https://www.instabase.jp/guides/community_center,2.0,0.2,10.0,8.9,2020-02-01,2020-02-29
162,2020-02-01,2020-02-29,学校 借りる,https://www.instabase.jp/guides/lesson,2.0,0.05405405405405406,37.0,4.594594594594595,2020-02-01,2020-02-29
163,2020-02-01,2020-02-29,学校 教室 レンタル,https://www.instabase.jp/guides/lesson,2.0,0.2222222222222222,9.0,4.666666666666666,2020-02-01,2020-02-29
164,2020-02-01,2020-02-29,打ち合わせ 場所,https://www.instabase.jp/guides/cafe,2.0,0.006230529595015576,321.0,8.04361370716511,2020-02-01,2020-02-29
165,2020-02-01,2020-02-29,打ち合わせ場所,https://www.instabase.jp/guides/cafe,2.0,0.05,40.0,8.125,2020-02-01,2020-02-29
166,2020-02-01,2020-02-29,撮影スペース,https://www.instabase.jp/guides/studio,2.0,0.03773584905660377,53.0,7.90566037735849,2020-02-01,2020-02-29
167,2020-02-01,2020-02-29,書斎 レンタル,https://www.instabase.jp/guides/freelance,2.0,0.1111111111111111,18.0,6.666666666666667,2020-02-01,2020-02-29
168,2020-02-01,2020-02-29,東京都 公民館,https://www.instabase.jp/guides/community_center,2.0,0.05714285714285714,35.0,7.3428571428571425,2020-02-01,2020-02-29
169,2020-02-01,2020-02-29,梅田 電話できる場所,https://www.instabase.jp/guides/freelance,2.0,0.2857142857142857,7.0,5.428571428571429,2020-02-01,2020-02-29
170,2020-02-01,2020-02-29,渋谷 自習室 個室,https://www.instabase.jp/guides/freelance,2.0,0.08333333333333333,24.0,11.125,2020-02-01,2020-02-29
171,2020-02-01,2020-02-29,熊本 古民家 撮影,https://www.instabase.jp/guides/studio,2.0,0.2857142857142857,7.0,9.0,2020-02-01,2020-02-29
172,2020-02-01,2020-02-29,神戸 公民館 安い,https://www.instabase.jp/guides/community_center,2.0,0.18181818181818182,11.0,4.090909090909091,2020-02-01,2020-02-29
173,2020-02-01,2020-02-29,貸し切り部屋,https://www.instabase.jp/guides/girls_party,2.0,0.05555555555555555,36.0,4.694444444444445,2020-02-01,2020-02-29
174,2020-02-01,2020-02-29,貸し教室 大阪,https://www.instabase.jp/guides/lesson,2.0,0.01639344262295082,122.0,3.9754098360655736,2020-02-01,2020-02-29
175,2020-02-01,2020-02-29,貸切ルーム,https://www.instabase.jp/guides/girls_party,2.0,0.02631578947368421,76.0,6.157894736842105,2020-02-01,2020-02-29
176,2020-02-01,2020-02-29,部屋 貸切,https://www.instabase.jp/guides/girls_party,2.0,0.05714285714285714,35.0,3.342857142857143,2020-02-01,2020-02-29
177,2020-02-01,2020-02-29,都内 打ち合わせ カフェ 個室,https://www.instabase.jp/guides/cafe,2.0,0.06896551724137931,29.0,7.310344827586207,2020-02-01,2020-02-29
178,2020-02-01,2020-02-29,電話 できる場所,https://www.instabase.jp/guides/freelance,2.0,0.1,20.0,8.85,2020-02-01,2020-02-29
179,2020-02-01,2020-02-29,電話会議 外出先 場所,https://www.instabase.jp/guides/freelance,2.0,0.3333333333333333,6.0,4.666666666666666,2020-02-01,2020-02-29
180,2020-02-01,2020-02-29,pc作業 場所,https://www.instabase.jp/guides/freelance,1.0,0.25,4.0,11.75,2020-02-01,2020-02-29
181,2020-02-01,2020-02-29,カウンセリング 個室 レンタル,https://www.instabase.jp/guides/therapy,1.0,0.06666666666666667,15.0,1.0666666666666667,2020-02-01,2020-02-29
182,2020-02-01,2020-02-29,カフェ ホワイトボード,https://www.instabase.jp/guides/cafe,1.0,0.041666666666666664,24.0,5.958333333333333,2020-02-01,2020-02-29
183,2020-02-01,2020-02-29,カフェ 作業,https://www.instabase.jp/guides/freelance,1.0,1.0,1.0,62.0,2020-02-01,2020-02-29
184,2020-02-01,2020-02-29,カフェ 勉強 都内,https://www.instabase.jp/guides/freelance,1.0,1.0,1.0,24.0,2020-02-01,2020-02-29
185,2020-02-01,2020-02-29,カフェ 電話会議,https://www.instabase.jp/guides/cafe,1.0,0.045454545454545456,22.0,7.954545454545454,2020-02-01,2020-02-29
186,2020-02-01,2020-02-29,セミナー レンタルスペース,https://www.instabase.jp/guides/seminar,1.0,0.1111111111111111,9.0,3.111111111111111,2020-02-01,2020-02-29
187,2020-02-01,2020-02-29,セミナー 格安,https://www.instabase.jp/guides/seminar,1.0,0.027777777777777776,36.0,2.388888888888889,2020-02-01,2020-02-29
188,2020-02-01,2020-02-29,セミナースペース,https://www.instabase.jp/guides/seminar,1.0,0.3333333333333333,3.0,4.666666666666666,2020-02-01,2020-02-29
189,2020-02-01,2020-02-29,ネットカフェ 仕事できる,https://www.instabase.jp/guides/freelance,1.0,1.0,1.0,8.0,2020-02-01,2020-02-29
190,2020-02-01,2020-02-29,ネットカフェ 自習,https://www.instabase.jp/guides/freelance,1.0,1.0,1.0,20.0,2020-02-01,2020-02-29
191,2020-02-01,2020-02-29,パソコン 作業 場所,https://www.instabase.jp/guides/freelance,1.0,0.125,8.0,9.875,2020-02-01,2020-02-29
192,2020-02-01,2020-02-29,パソコンができる場所,https://www.instabase.jp/guides/freelance,1.0,0.3333333333333333,3.0,11.333333333333334,2020-02-01,2020-02-29
193,2020-02-01,2020-02-29,ホワイトボード カフェ,https://www.instabase.jp/guides/cafe,1.0,0.04,25.0,5.64,2020-02-01,2020-02-29
194,2020-02-01,2020-02-29,ボードゲーム 持ち込み,https://www.instabase.jp/guides/game,1.0,0.07692307692307693,13.0,6.615384615384615,2020-02-01,2020-02-29
195,2020-02-01,2020-02-29,レンタル スタジオ 撮影,https://www.instabase.jp/guides/studio,1.0,0.038461538461538464,26.0,8.384615384615385,2020-02-01,2020-02-29
196,2020-02-01,2020-02-29,レンタル 撮影,https://www.instabase.jp/guides/studio,1.0,0.03125,32.0,7.84375,2020-02-01,2020-02-29
197,2020-02-01,2020-02-29,レンタルスペース 1人,https://www.instabase.jp/guides/freelance,1.0,0.5,2.0,5.5,2020-02-01,2020-02-29
198,2020-02-01,2020-02-29,レンタルスペース パーティー 少人数,https://www.instabase.jp/guides/girls_party,1.0,0.25,4.0,7.5,2020-02-01,2020-02-29
199,2020-02-01,2020-02-29,レンタルスペース 女子会 大阪,https://www.instabase.jp/guides/girls_party,1.0,0.09090909090909091,11.0,5.636363636363637,2020-02-01,2020-02-29
200,2020-02-01,2020-02-29,レンタルスペース 女子会 安い,https://www.instabase.jp/guides/girls_party,1.0,0.1111111111111111,9.0,6.222222222222222,2020-02-01,2020-02-29
201,2020-02-01,2020-02-29,レンタルスペース 女子会 少人数,https://www.instabase.jp/guides/girls_party,1.0,0.125,8.0,9.375,2020-02-01,2020-02-29
202,2020-02-01,2020-02-29,レンタルハウススタジオ,https://www.instabase.jp/guides/studio,1.0,0.25,4.0,9.25,2020-02-01,2020-02-29
203,2020-02-01,2020-02-29,レンタルルーム ボードゲーム,https://www.instabase.jp/guides/game,1.0,1.0,1.0,3.0,2020-02-01,2020-02-29
204,2020-02-01,2020-02-29,レンタルルーム 教室,https://www.instabase.jp/guides/lesson,1.0,0.07142857142857142,14.0,2.071428571428571,2020-02-01,2020-02-29
205,2020-02-01,2020-02-29,ワーキングスペース 個室,https://www.instabase.jp/guides/freelance,1.0,0.1111111111111111,9.0,5.666666666666667,2020-02-01,2020-02-29
206,2020-02-01,2020-02-29,ワークショップ 場所代,https://www.instabase.jp/guides/lesson,1.0,0.14285714285714285,7.0,9.428571428571429,2020-02-01,2020-02-29
207,2020-02-01,2020-02-29,仕事できる場所,https://www.instabase.jp/guides/freelance,1.0,0.1,10.0,8.2,2020-02-01,2020-02-29
208,2020-02-01,2020-02-29,作業できる場所 都内,https://www.instabase.jp/guides/freelance,1.0,0.058823529411764705,17.0,8.647058823529413,2020-02-01,2020-02-29
209,2020-02-01,2020-02-29,個室 喫茶店,https://www.instabase.jp/guides/cafe,1.0,1.0,1.0,20.0,2020-02-01,2020-02-29
210,2020-02-01,2020-02-29,個室 自習室 東京,https://www.instabase.jp/guides/freelance,1.0,0.5,2.0,7.5,2020-02-01,2020-02-29
211,2020-02-01,2020-02-29,個室勉強,https://www.instabase.jp/guides/freelance,1.0,0.2,5.0,3.2,2020-02-01,2020-02-29
212,2020-02-01,2020-02-29,公民館 おしゃれ,https://www.instabase.jp/guides/community_center,1.0,0.125,8.0,2.625,2020-02-01,2020-02-29
213,2020-02-01,2020-02-29,公民館 ダンス 練習,https://www.instabase.jp/guides/community_center,1.0,0.041666666666666664,24.0,5.583333333333333,2020-02-01,2020-02-29
214,2020-02-01,2020-02-29,公民館 パーティー,https://www.instabase.jp/guides/community_center,1.0,0.3333333333333333,3.0,2.0,2020-02-01,2020-02-29
215,2020-02-01,2020-02-29,公民館 借りる 料金,https://www.instabase.jp/guides/community_center,1.0,1.0,1.0,18.0,2020-02-01,2020-02-29
216,2020-02-01,2020-02-29,公民館 借りる 東京,https://www.instabase.jp/guides/community_center,1.0,0.018867924528301886,53.0,1.0,2020-02-01,2020-02-29
217,2020-02-01,2020-02-29,公民館 名古屋,https://www.instabase.jp/guides/community_center,1.0,0.25,4.0,12.75,2020-02-01,2020-02-29
218,2020-02-01,2020-02-29,公民館 大阪,https://www.instabase.jp/guides/community_center,1.0,0.021739130434782608,46.0,7.521739130434782,2020-02-01,2020-02-29
219,2020-02-01,2020-02-29,公民館 飲食可能,https://www.instabase.jp/guides/community_center,1.0,0.25,4.0,4.25,2020-02-01,2020-02-29
220,2020-02-01,2020-02-29,公民館の借り方,https://www.instabase.jp/guides/community_center,1.0,0.2,5.0,5.2,2020-02-01,2020-02-29
221,2020-02-01,2020-02-29,公民館貸し出し,https://www.instabase.jp/guides/community_center,1.0,0.3333333333333333,3.0,4.333333333333334,2020-02-01,2020-02-29
222,2020-02-01,2020-02-29,創作スペース レンタル,https://www.instabase.jp/guides/freelance,1.0,0.037037037037037035,27.0,11.0,2020-02-01,2020-02-29
223,2020-02-01,2020-02-29,勉強できるカフェ 熊本,https://www.instabase.jp/guides/study_group,1.0,1.0,1.0,45.0,2020-02-01,2020-02-29
224,2020-02-01,2020-02-29,勉強できる個室,https://www.instabase.jp/guides/freelance,1.0,0.14285714285714285,7.0,7.142857142857143,2020-02-01,2020-02-29
225,2020-02-01,2020-02-29,勉強スペース 東京,https://www.instabase.jp/guides/freelance,1.0,0.3333333333333333,3.0,21.0,2020-02-01,2020-02-29
226,2020-02-01,2020-02-29,勉強ルーム,https://www.instabase.jp/guides/freelance,1.0,0.047619047619047616,21.0,7.904761904761905,2020-02-01,2020-02-29
227,2020-02-01,2020-02-29,勉強部屋 借りる,https://www.instabase.jp/guides/freelance,1.0,0.07692307692307693,13.0,8.076923076923077,2020-02-01,2020-02-29
228,2020-02-01,2020-02-29,動画 撮影 スタジオ,https://www.instabase.jp/guides/studio,1.0,0.3333333333333333,3.0,4.666666666666666,2020-02-01,2020-02-29
229,2020-02-01,2020-02-29,動画撮影スタジオ,https://www.instabase.jp/guides/studio,1.0,0.25,4.0,4.5,2020-02-01,2020-02-29
230,2020-02-01,2020-02-29,占い 場所 貸し,https://www.instabase.jp/guides/therapy,1.0,0.5,2.0,3.0,2020-02-01,2020-02-29
231,2020-02-01,2020-02-29,原稿 作業 場所,https://www.instabase.jp/guides/freelance,1.0,0.0625,16.0,8.9375,2020-02-01,2020-02-29
232,2020-02-01,2020-02-29,古民家 スタジオ 安い,https://www.instabase.jp/guides/studio,1.0,0.125,8.0,10.875,2020-02-01,2020-02-29
233,2020-02-01,2020-02-29,同人 原稿 場所,https://www.instabase.jp/guides/freelance,1.0,1.0,1.0,16.0,2020-02-01,2020-02-29
234,2020-02-01,2020-02-29,名古屋 勉強できる場所,https://www.instabase.jp/guides/freelance,1.0,1.0,1.0,34.0,2020-02-01,2020-02-29
235,2020-02-01,2020-02-29,商談 場所,https://www.instabase.jp/guides/cafe,1.0,0.023809523809523808,42.0,14.19047619047619,2020-02-01,2020-02-29
236,2020-02-01,2020-02-29,喫茶店 予約できる,https://www.instabase.jp/guides/cafe,1.0,0.07692307692307693,13.0,6.538461538461538,2020-02-01,2020-02-29
237,2020-02-01,2020-02-29,大船 ヨガ,https://www.instabase.jp/guides/rental_studio,1.0,0.03225806451612903,31.0,58.83870967741935,2020-02-01,2020-02-29
238,2020-02-01,2020-02-29,大阪 公民館,https://www.instabase.jp/guides/community_center,1.0,0.014084507042253521,71.0,9.014084507042254,2020-02-01,2020-02-29
239,2020-02-01,2020-02-29,女子会 パーティー 部屋,https://www.instabase.jp/guides/girls_party,1.0,1.0,1.0,4.0,2020-02-01,2020-02-29
240,2020-02-01,2020-02-29,女子会 持ち込み,https://www.instabase.jp/guides/girls_party,1.0,0.1111111111111111,9.0,3.0,2020-02-01,2020-02-29
241,2020-02-01,2020-02-29,学校 貸し出し,https://www.instabase.jp/guides/lesson,1.0,0.02040816326530612,49.0,6.1020408163265305,2020-02-01,2020-02-29
242,2020-02-01,2020-02-29,川崎 作業 カフェ,https://www.instabase.jp/guides/freelance,1.0,1.0,1.0,32.0,2020-02-01,2020-02-29
243,2020-02-01,2020-02-29,川崎 勉強部屋,https://www.instabase.jp/guides/freelance,1.0,1.0,1.0,22.0,2020-02-01,2020-02-29
244,2020-02-01,2020-02-29,恵比寿 自習室,https://www.instabase.jp/guides/freelance,1.0,0.5,2.0,21.0,2020-02-01,2020-02-29
245,2020-02-01,2020-02-29,打ち合わせ 個室,https://www.instabase.jp/guides/cafe,1.0,0.015873015873015872,63.0,2.0952380952380953,2020-02-01,2020-02-29
246,2020-02-01,2020-02-29,打合せ 場所,https://www.instabase.jp/guides/cafe,1.0,0.2,5.0,6.4,2020-02-01,2020-02-29
247,2020-02-01,2020-02-29,持ち込みパーティー,https://www.instabase.jp/guides/girls_party,1.0,0.1111111111111111,9.0,8.88888888888889,2020-02-01,2020-02-29
248,2020-02-01,2020-02-29,撮影 スタジオ レンタル,https://www.instabase.jp/guides/studio,1.0,0.024390243902439025,41.0,9.073170731707316,2020-02-01,2020-02-29
249,2020-02-01,2020-02-29,撮影 レンタルスタジオ,https://www.instabase.jp/guides/studio,1.0,0.047619047619047616,21.0,11.380952380952381,2020-02-01,2020-02-29
250,2020-02-01,2020-02-29,撮影スタジオ レンタル 安い,https://www.instabase.jp/guides/studio,1.0,0.5,2.0,7.0,2020-02-01,2020-02-29
251,2020-02-01,2020-02-29,教室 スペース,https://www.instabase.jp/guides/lesson,1.0,0.015384615384615385,65.0,2.1076923076923078,2020-02-01,2020-02-29
252,2020-02-01,2020-02-29,教室 借りる 東京,https://www.instabase.jp/guides/lesson,1.0,1.0,1.0,2.0,2020-02-01,2020-02-29
253,2020-02-01,2020-02-29,教室 貸出,https://www.instabase.jp/guides/lesson,1.0,0.125,8.0,4.5,2020-02-01,2020-02-29
254,2020-02-01,2020-02-29,教室運営,https://www.instabase.jp/guides/lesson,1.0,1.0,1.0,112.0,2020-02-01,2020-02-29
255,2020-02-01,2020-02-29,新宿 カフェ 打ち合わせ 予約,https://www.instabase.jp/guides/cafe,1.0,1.0,1.0,17.0,2020-02-01,2020-02-29
256,2020-02-01,2020-02-29,新宿 自習室,https://www.instabase.jp/guides/freelance,1.0,1.0,1.0,20.0,2020-02-01,2020-02-29
257,2020-02-01,2020-02-29,新宿 貸し会議室 カフェ,https://www.instabase.jp/guides/cafe,1.0,0.1111111111111111,9.0,5.111111111111111,2020-02-01,2020-02-29
258,2020-02-01,2020-02-29,新宿個室カフェ,https://www.instabase.jp/guides/freelance,1.0,1.0,1.0,56.0,2020-02-01,2020-02-29
259,2020-02-01,2020-02-29,有楽町 自習室,https://www.instabase.jp/guides/freelance,1.0,1.0,1.0,14.0,2020-02-01,2020-02-29
260,2020-02-01,2020-02-29,東京駅 静かな場所 電話,https://www.instabase.jp/guides/freelance,1.0,0.16666666666666666,6.0,6.0,2020-02-01,2020-02-29
261,2020-02-01,2020-02-29,梅田 部屋 レンタル 女子会,https://www.instabase.jp/guides/girls_party,1.0,0.022727272727272728,44.0,5.386363636363637,2020-02-01,2020-02-29
262,2020-02-01,2020-02-29,池袋 電話できる場所,https://www.instabase.jp/guides/freelance,1.0,0.058823529411764705,17.0,5.470588235294118,2020-02-01,2020-02-29
263,2020-02-01,2020-02-29,浜松 勉強できるカフェ,https://www.instabase.jp/guides/freelance,1.0,1.0,1.0,22.0,2020-02-01,2020-02-29
264,2020-02-01,2020-02-29,渋谷 1人 勉強,https://www.instabase.jp/guides/freelance,1.0,1.0,1.0,20.0,2020-02-01,2020-02-29
265,2020-02-01,2020-02-29,渋谷 個室 仕事,https://www.instabase.jp/guides/freelance,1.0,0.5,2.0,2.0,2020-02-01,2020-02-29
266,2020-02-01,2020-02-29,渋谷 自習,https://www.instabase.jp/guides/freelance,1.0,1.0,1.0,29.0,2020-02-01,2020-02-29
267,2020-02-01,2020-02-29,秋葉原 自習室 一日利用,https://www.instabase.jp/guides/freelance,1.0,1.0,1.0,11.0,2020-02-01,2020-02-29
268,2020-02-01,2020-02-29,立川 自習,https://www.instabase.jp/guides/freelance,1.0,1.0,1.0,78.0,2020-02-01,2020-02-29
269,2020-02-01,2020-02-29,自習室 一日だけ,https://www.instabase.jp/guides/freelance,1.0,1.0,1.0,13.0,2020-02-01,2020-02-29
270,2020-02-01,2020-02-29,自習室 個室 東京,https://www.instabase.jp/guides/freelance,1.0,0.3333333333333333,3.0,4.666666666666666,2020-02-01,2020-02-29
271,2020-02-01,2020-02-29,自習室 池袋,https://www.instabase.jp/guides/freelance,1.0,1.0,1.0,78.0,2020-02-01,2020-02-29
272,2020-02-01,2020-02-29,自習室 渋谷,https://www.instabase.jp/guides/freelance,1.0,1.0,1.0,26.0,2020-02-01,2020-02-29
273,2020-02-01,2020-02-29,自習室 都内,https://www.instabase.jp/guides/freelance,1.0,1.0,1.0,17.0,2020-02-01,2020-02-29
274,2020-02-01,2020-02-29,自習室カフェ,https://www.instabase.jp/guides/freelance,1.0,1.0,1.0,31.0,2020-02-01,2020-02-29
275,2020-02-01,2020-02-29,貸しスタジオ 料金,https://www.instabase.jp/guides/rental_studio,1.0,0.25,4.0,5.25,2020-02-01,2020-02-29
276,2020-02-01,2020-02-29,貸しスペース 料金,https://www.instabase.jp/guides/lesson,1.0,0.025,40.0,3.275,2020-02-01,2020-02-29
277,2020-02-01,2020-02-29,貸しフォトスタジオ,https://www.instabase.jp/guides/studio,1.0,0.14285714285714285,7.0,5.285714285714286,2020-02-01,2020-02-29
278,2020-02-01,2020-02-29,貸し会場,https://www.instabase.jp/guides,1.0,1.0,1.0,6.0,2020-02-01,2020-02-29
279,2020-02-01,2020-02-29,貸し切り 部屋,https://www.instabase.jp/guides/girls_party,1.0,0.029411764705882353,34.0,4.8235294117647065,2020-02-01,2020-02-29
280,2020-02-01,2020-02-29,貸し勉強部屋,https://www.instabase.jp/guides/freelance,1.0,0.047619047619047616,21.0,5.095238095238095,2020-02-01,2020-02-29
281,2020-02-01,2020-02-29,貸し撮影スタジオ,https://www.instabase.jp/guides/studio,1.0,0.08333333333333333,12.0,7.666666666666667,2020-02-01,2020-02-29
282,2020-02-01,2020-02-29,貸切部屋,https://www.instabase.jp/guides/girls_party,1.0,0.02564102564102564,39.0,4.615384615384615,2020-02-01,2020-02-29
283,2020-02-01,2020-02-29,貸教室,https://www.instabase.jp/guides/lesson,1.0,0.16666666666666666,6.0,3.5,2020-02-01,2020-02-29
284,2020-02-01,2020-02-29,部屋貸切 女子会,https://www.instabase.jp/guides/girls_party,1.0,0.08333333333333333,12.0,4.0,2020-02-01,2020-02-29
285,2020-02-01,2020-02-29,都内 ロケ,https://www.instabase.jp/guides/studio,1.0,1.0,1.0,59.0,2020-02-01,2020-02-29
286,2020-02-01,2020-02-29,都内 個室 カフェ,https://www.instabase.jp/guides/therapy,1.0,1.0,1.0,31.0,2020-02-01,2020-02-29
287,2020-02-01,2020-02-29,都内 勉強場所,https://www.instabase.jp/guides/freelance,1.0,1.0,1.0,25.0,2020-02-01,2020-02-29
288,2020-02-01,2020-02-29,都内 有料自習室,https://www.instabase.jp/guides/freelance,1.0,1.0,1.0,24.0,2020-02-01,2020-02-29
289,2020-02-01,2020-02-29,集会所 レンタル,https://www.instabase.jp/guides/community_center,1.0,1.0,1.0,1.0,2020-02-01,2020-02-29
290,2020-02-01,2020-02-29,集会所 集会場 違い,https://www.instabase.jp/guides/community_center,1.0,1.0,1.0,15.0,2020-02-01,2020-02-29
291,2020-02-01,2020-02-29,電話 できる 喫茶店,https://www.instabase.jp/guides/freelance,1.0,0.05555555555555555,18.0,10.222222222222221,2020-02-01,2020-02-29
292,2020-02-01,2020-02-29,電話会議 外出先,https://www.instabase.jp/guides/freelance,1.0,0.09090909090909091,11.0,8.09090909090909,2020-02-01,2020-02-29
293,2020-02-01,2020-02-29,静かに電話できる場所,https://www.instabase.jp/guides/freelance,1.0,0.047619047619047616,21.0,10.19047619047619,2020-02-01,2020-02-29
294,2020-02-01,2020-02-29,面接会場 レイアウト,https://www.instabase.jp/guides/interview,1.0,0.045454545454545456,22.0,5.2727272727272725,2020-02-01,2020-02-29
295,2020-02-01,2020-02-29,騒げる場所 個室,https://www.instabase.jp/guides/freelance,1.0,0.125,8.0,5.125,2020-02-01,2020-02-29
296,2020-02-01,2020-02-29,高知 個室 勉強,https://www.instabase.jp/guides/freelance,1.0,1.0,1.0,47.0,2020-02-01,2020-02-29
297,2020-02-01,2020-02-29,24h練習可 住まい 中島,https://www.instabase.jp/guides/community_center,0.0,0.0,12.0,12.916666666666666,2020-02-01,2020-02-29
298,2020-02-01,2020-02-29,excel 講座,https://www.instabase.jp/guides/excel,0.0,0.0,9.0,83.88888888888889,2020-02-01,2020-02-29
299,2020-02-01,2020-02-29,excel講座,https://www.instabase.jp/guides/excel,0.0,0.0,8.0,64.375,2020-02-01,2020-02-29
300,2020-02-01,2020-02-29,tsutaya 勉強スペース,https://www.instabase.jp/guides/freelance,0.0,0.0,40.0,9.625,2020-02-01,2020-02-29
301,2020-02-01,2020-02-29,web会議 カフェ,https://www.instabase.jp/guides/freelance,0.0,0.0,8.0,6.5,2020-02-01,2020-02-29
302,2020-02-01,2020-02-29,wi-fi 勉強,https://www.instabase.jp/guides/study_group,0.0,0.0,19.0,6.947368421052632,2020-02-01,2020-02-29
303,2020-02-01,2020-02-29,wifi 勉強,https://www.instabase.jp/guides/study_group,0.0,0.0,27.0,5.185185185185185,2020-02-01,2020-02-29
304,2020-02-01,2020-02-29,wifi 勉強 場所,https://www.instabase.jp/guides/study_group,0.0,0.0,2.0,10.0,2020-02-01,2020-02-29
305,2020-02-01,2020-02-29,お稽古スクール,https://www.instabase.jp/guides/lesson,0.0,0.0,30.0,31.233333333333334,2020-02-01,2020-02-29
306,2020-02-01,2020-02-29,ここから近くの公民館,https://www.instabase.jp/guides/community_center,0.0,0.0,4.0,8.75,2020-02-01,2020-02-29
307,2020-02-01,2020-02-29,この近くの公民館,https://www.instabase.jp/guides/community_center,0.0,0.0,11.0,6.454545454545454,2020-02-01,2020-02-29
308,2020-02-01,2020-02-29,ゆっくりできる個室,https://www.instabase.jp/guides/freelance,0.0,0.0,1.0,12.0,2020-02-01,2020-02-29
309,2020-02-01,2020-02-29,ゆっくり電話できる場所,https://www.instabase.jp/guides/freelance,0.0,0.0,5.0,6.0,2020-02-01,2020-02-29
310,2020-02-01,2020-02-29,インタビュー 写真 撮影,https://www.instabase.jp/guides/studio,0.0,0.0,2.0,52.0,2020-02-01,2020-02-29
311,2020-02-01,2020-02-29,インタビュー 写真撮影,https://www.instabase.jp/guides/studio,0.0,0.0,2.0,41.0,2020-02-01,2020-02-29
312,2020-02-01,2020-02-29,インタビュー 動画 撮影,https://www.instabase.jp/guides/studio,0.0,0.0,41.0,75.0,2020-02-01,2020-02-29
313,2020-02-01,2020-02-29,インタビュー 動画撮影,https://www.instabase.jp/guides/studio,0.0,0.0,2.0,65.0,2020-02-01,2020-02-29
314,2020-02-01,2020-02-29,インタビュー 撮影,https://www.instabase.jp/guides/studio,0.0,0.0,30.0,66.96666666666667,2020-02-01,2020-02-29
315,2020-02-01,2020-02-29,インタビュー 撮影 場所,https://www.instabase.jp/guides/studio,0.0,0.0,2.0,10.0,2020-02-01,2020-02-29
316,2020-02-01,2020-02-29,インタビュー 撮影 金額,https://www.instabase.jp/guides/studio,0.0,0.0,5.0,20.0,2020-02-01,2020-02-29
317,2020-02-01,2020-02-29,インタビュー動画 撮影,https://www.instabase.jp/guides/studio,0.0,0.0,6.0,91.33333333333333,2020-02-01,2020-02-29
318,2020-02-01,2020-02-29,インタビュー動画撮影,https://www.instabase.jp/guides/studio,0.0,0.0,4.0,82.5,2020-02-01,2020-02-29
319,2020-02-01,2020-02-29,インタビュー撮影,https://www.instabase.jp/guides/studio,0.0,0.0,24.0,71.41666666666667,2020-02-01,2020-02-29
320,2020-02-01,2020-02-29,カウンセリング カフェ,https://www.instabase.jp/guides/therapy,0.0,0.0,1.0,14.0,2020-02-01,2020-02-29
321,2020-02-01,2020-02-29,カウンセリング 会議室,https://www.instabase.jp/guides/therapy,0.0,0.0,40.0,3.175,2020-02-01,2020-02-29
322,2020-02-01,2020-02-29,カウンセリング 東京 安い,https://www.instabase.jp/guides/therapy,0.0,0.0,6.0,44.5,2020-02-01,2020-02-29
323,2020-02-01,2020-02-29,カウンセリングカフェ,https://www.instabase.jp/guides/therapy,0.0,0.0,1.0,12.0,2020-02-01,2020-02-29
324,2020-02-01,2020-02-29,カウンセリングルーム,https://www.instabase.jp/guides/therapy,0.0,0.0,2.0,120.0,2020-02-01,2020-02-29
325,2020-02-01,2020-02-29,カウンセリングルーム 東京,https://www.instabase.jp/guides/therapy,0.0,0.0,3.0,35.0,2020-02-01,2020-02-29
326,2020-02-01,2020-02-29,カウンセリングルーム 横浜市,https://www.instabase.jp/guides/therapy,0.0,0.0,4.0,95.0,2020-02-01,2020-02-29
327,2020-02-01,2020-02-29,カフェ カウンセリング,https://www.instabase.jp/guides/therapy,0.0,0.0,1.0,10.0,2020-02-01,2020-02-29
328,2020-02-01,2020-02-29,カフェ 予約できる,https://www.instabase.jp/guides/cafe,0.0,0.0,8.0,10.625,2020-02-01,2020-02-29
329,2020-02-01,2020-02-29,カフェ 作業用,https://www.instabase.jp/guides/freelance,0.0,0.0,4.0,34.5,2020-02-01,2020-02-29
330,2020-02-01,2020-02-29,カフェ 勉強会,https://www.instabase.jp/guides/study_group,0.0,0.0,34.0,10.205882352941176,2020-02-01,2020-02-29
331,2020-02-01,2020-02-29,カフェ 商談,https://www.instabase.jp/guides/cafe,0.0,0.0,9.0,9.333333333333334,2020-02-01,2020-02-29
332,2020-02-01,2020-02-29,カフェ 自習室,https://www.instabase.jp/guides/freelance,0.0,0.0,1.0,12.0,2020-02-01,2020-02-29
333,2020-02-01,2020-02-29,カフェ 開業 学校 名古屋,https://www.instabase.jp/guides/lesson,0.0,0.0,2.0,89.5,2020-02-01,2020-02-29
334,2020-02-01,2020-02-29,カフェ 電話 ok,https://www.instabase.jp/guides/freelance,0.0,0.0,18.0,8.944444444444445,2020-02-01,2020-02-29
335,2020-02-01,2020-02-29,カフェ 電話できる,https://www.instabase.jp/guides/freelance,0.0,0.0,5.0,9.4,2020-02-01,2020-02-29
336,2020-02-01,2020-02-29,カフェミーティング,https://www.instabase.jp/guides/cafe,0.0,0.0,57.0,6.333333333333333,2020-02-01,2020-02-29
337,2020-02-01,2020-02-29,カフェ予約できる,https://www.instabase.jp/guides/cafe,0.0,0.0,1.0,11.0,2020-02-01,2020-02-29
338,2020-02-01,2020-02-29,カルチャースクール 開業,https://www.instabase.jp/guides/lesson,0.0,0.0,2.0,33.5,2020-02-01,2020-02-29
339,2020-02-01,2020-02-29,カードゲーム レンタル,https://www.instabase.jp/guides/game,0.0,0.0,9.0,6.0,2020-02-01,2020-02-29
340,2020-02-01,2020-02-29,カードゲームオフ会,https://www.instabase.jp/guides/game,0.0,0.0,12.0,3.5,2020-02-01,2020-02-29
341,2020-02-01,2020-02-29,クリスマスパーティー 場所 高校生,https://www.instabase.jp/guides/girls_party,0.0,0.0,1.0,9.0,2020-02-01,2020-02-29
342,2020-02-01,2020-02-29,ケータリング 餃子 青森市,https://www.instabase.jp/guides/girls_party,0.0,0.0,2.0,24.0,2020-02-01,2020-02-29
343,2020-02-01,2020-02-29,ゲーム オフ会 場所,https://www.instabase.jp/guides/game,0.0,0.0,1.0,4.0,2020-02-01,2020-02-29
344,2020-02-01,2020-02-29,ゲーム 持ち込み,https://www.instabase.jp/guides/game,0.0,0.0,1.0,14.0,2020-02-01,2020-02-29
345,2020-02-01,2020-02-29,ゲーム会場,https://www.instabase.jp/guides/game,0.0,0.0,7.0,8.0,2020-02-01,2020-02-29
346,2020-02-01,2020-02-29,ゲーム持ち込み,https://www.instabase.jp/guides/game,0.0,0.0,2.0,9.0,2020-02-01,2020-02-29
347,2020-02-01,2020-02-29,コワーキング 個室,https://www.instabase.jp/guides/freelance,0.0,0.0,3.0,9.333333333333334,2020-02-01,2020-02-29
348,2020-02-01,2020-02-29,コワーキング 原稿,https://www.instabase.jp/guides/freelance,0.0,0.0,9.0,21.555555555555557,2020-02-01,2020-02-29
349,2020-02-01,2020-02-29,コワーキングスペース 原稿,https://www.instabase.jp/guides/freelance,0.0,0.0,11.0,9.454545454545455,2020-02-01,2020-02-29
350,2020-02-01,2020-02-29,サロン 開業,https://www.instabase.jp/guides/newcomer,0.0,0.0,200.0,66.275,2020-02-01,2020-02-29
351,2020-02-01,2020-02-29,サロン開業,https://www.instabase.jp/guides/newcomer,0.0,0.0,52.0,67.07692307692308,2020-02-01,2020-02-29
352,2020-02-01,2020-02-29,スタジオ レンタル 撮影,https://www.instabase.jp/guides/studio,0.0,0.0,34.0,8.676470588235293,2020-02-01,2020-02-29
353,2020-02-01,2020-02-29,スタジオ ロケ,https://www.instabase.jp/guides/studio,0.0,0.0,2.0,7.0,2020-02-01,2020-02-29
354,2020-02-01,2020-02-29,スタジオ 動画撮影,https://www.instabase.jp/guides/studio,0.0,0.0,6.0,4.166666666666666,2020-02-01,2020-02-29
355,2020-02-01,2020-02-29,スタジオ 安い 撮影,https://www.instabase.jp/guides/studio,0.0,0.0,1.0,7.0,2020-02-01,2020-02-29
356,2020-02-01,2020-02-29,スタジオ 撮影,https://www.instabase.jp/guides/studio,0.0,0.0,2.0,8.5,2020-02-01,2020-02-29
357,2020-02-01,2020-02-29,スタジオ 撮影 レンタル,https://www.instabase.jp/guides/studio,0.0,0.0,21.0,9.619047619047619,2020-02-01,2020-02-29
358,2020-02-01,2020-02-29,スタジオ 貸し切り,https://www.instabase.jp/guides/studio,0.0,0.0,8.0,8.875,2020-02-01,2020-02-29
359,2020-02-01,2020-02-29,スタジオ 貸切,https://www.instabase.jp/guides/studio,0.0,0.0,5.0,10.2,2020-02-01,2020-02-29
360,2020-02-01,2020-02-29,スタジオレンタル 撮影,https://www.instabase.jp/guides/studio,0.0,0.0,4.0,10.25,2020-02-01,2020-02-29
361,2020-02-01,2020-02-29,スタジオ撮影,https://www.instabase.jp/guides/studio,0.0,0.0,18.0,9.777777777777779,2020-02-01,2020-02-29
362,2020-02-01,2020-02-29,スタジオ貸し出し,https://www.instabase.jp/guides/studio,0.0,0.0,1.0,6.0,2020-02-01,2020-02-29
363,2020-02-01,2020-02-29,セッション レンタル,https://www.instabase.jp/guides/therapy,0.0,0.0,4.0,6.5,2020-02-01,2020-02-29
364,2020-02-01,2020-02-29,セッションルーム,https://www.instabase.jp/guides/therapy,0.0,0.0,11.0,1.2727272727272727,2020-02-01,2020-02-29
365,2020-02-01,2020-02-29,セッションルーム インテリア,https://www.instabase.jp/guides/therapy,0.0,0.0,1.0,16.0,2020-02-01,2020-02-29
366,2020-02-01,2020-02-29,セミナー スペース,https://www.instabase.jp/guides/seminar,0.0,0.0,13.0,5.076923076923077,2020-02-01,2020-02-29
367,2020-02-01,2020-02-29,セミナー レンタル,https://www.instabase.jp/guides/seminar,0.0,0.0,1.0,3.0,2020-02-01,2020-02-29
368,2020-02-01,2020-02-29,セミナー 会場,https://www.instabase.jp/guides/seminar,0.0,0.0,29.0,2.793103448275862,2020-02-01,2020-02-29
369,2020-02-01,2020-02-29,セミナー 会場 レンタル,https://www.instabase.jp/guides/seminar,0.0,0.0,16.0,6.4375,2020-02-01,2020-02-29
370,2020-02-01,2020-02-29,セミナー 場所,https://www.instabase.jp/guides/seminar,0.0,0.0,123.0,3.5203252032520327,2020-02-01,2020-02-29
371,2020-02-01,2020-02-29,セミナー 安い,https://www.instabase.jp/guides/seminar,0.0,0.0,91.0,3.934065934065934,2020-02-01,2020-02-29
372,2020-02-01,2020-02-29,セミナー 少人数,https://www.instabase.jp/guides/seminar,0.0,0.0,4.0,6.75,2020-02-01,2020-02-29
373,2020-02-01,2020-02-29,セミナー 貸し会議室,https://www.instabase.jp/guides/seminar,0.0,0.0,1.0,3.0,2020-02-01,2020-02-29
374,2020-02-01,2020-02-29,セミナールーム 安い,https://www.instabase.jp/guides/seminar,0.0,0.0,39.0,3.4871794871794872,2020-02-01,2020-02-29
375,2020-02-01,2020-02-29,セミナールーム 格安,https://www.instabase.jp/guides/seminar,0.0,0.0,33.0,7.878787878787879,2020-02-01,2020-02-29
376,2020-02-01,2020-02-29,セミナー会場,https://www.instabase.jp/guides/seminar,0.0,0.0,7.0,5.285714285714286,2020-02-01,2020-02-29
377,2020-02-01,2020-02-29,セミナー会場 レンタル,https://www.instabase.jp/guides/seminar,0.0,0.0,5.0,6.0,2020-02-01,2020-02-29
378,2020-02-01,2020-02-29,セミナー会場 予約,https://www.instabase.jp/guides/seminar,0.0,0.0,12.0,3.0833333333333335,2020-02-01,2020-02-29
379,2020-02-01,2020-02-29,セミナー会場 安い,https://www.instabase.jp/guides/seminar,0.0,0.0,19.0,3.9473684210526314,2020-02-01,2020-02-29
380,2020-02-01,2020-02-29,セミナー会場 格安,https://www.instabase.jp/guides/seminar,0.0,0.0,46.0,2.4347826086956523,2020-02-01,2020-02-29
381,2020-02-01,2020-02-29,セミナー会場 費用,https://www.instabase.jp/guides/seminar,0.0,0.0,13.0,8.076923076923077,2020-02-01,2020-02-29
382,2020-02-01,2020-02-29,セミナー撮影 相場,https://www.instabase.jp/guides/studio,0.0,0.0,6.0,33.666666666666664,2020-02-01,2020-02-29
383,2020-02-01,2020-02-29,セラピー カウンセリング,https://www.instabase.jp/guides/therapy,0.0,0.0,4.0,14.0,2020-02-01,2020-02-29
384,2020-02-01,2020-02-29,テレビ会議 カフェ,https://www.instabase.jp/guides/cafe,0.0,0.0,1.0,3.0,2020-02-01,2020-02-29
385,2020-02-01,2020-02-29,ネカフェ 自習,https://www.instabase.jp/guides/freelance,0.0,0.0,1.0,12.0,2020-02-01,2020-02-29
386,2020-02-01,2020-02-29,ハウススタジオ レンタル,https://www.instabase.jp/guides/studio,0.0,0.0,33.0,9.393939393939394,2020-02-01,2020-02-29
387,2020-02-01,2020-02-29,ハウススタジオ 九州,https://www.instabase.jp/guides/studio,0.0,0.0,18.0,18.0,2020-02-01,2020-02-29
388,2020-02-01,2020-02-29,ハウススタジオ 撮影 料金,https://www.instabase.jp/guides/studio,0.0,0.0,27.0,8.148148148148149,2020-02-01,2020-02-29
389,2020-02-01,2020-02-29,ハウススタジオ 東海,https://www.instabase.jp/guides/studio,0.0,0.0,8.0,10.5,2020-02-01,2020-02-29
390,2020-02-01,2020-02-29,パソコン できる場所,https://www.instabase.jp/guides/freelance,0.0,0.0,3.0,10.333333333333334,2020-02-01,2020-02-29
391,2020-02-01,2020-02-29,パソコン 個室,https://www.instabase.jp/guides/freelance,0.0,0.0,12.0,9.0,2020-02-01,2020-02-29
392,2020-02-01,2020-02-29,パソコン 教室 秋葉原,https://www.instabase.jp/guides/excel,0.0,0.0,15.0,85.2,2020-02-01,2020-02-29
393,2020-02-01,2020-02-29,パソコンできる場所,https://www.instabase.jp/guides/freelance,0.0,0.0,14.0,10.928571428571429,2020-02-01,2020-02-29
394,2020-02-01,2020-02-29,パソコンで仕事ができる場所,https://www.instabase.jp/guides/freelance,0.0,0.0,6.0,9.166666666666666,2020-02-01,2020-02-29
395,2020-02-01,2020-02-29,パソコン作業 場所,https://www.instabase.jp/guides/freelance,0.0,0.0,5.0,11.0,2020-02-01,2020-02-29
396,2020-02-01,2020-02-29,パソコン作業ができる場所,https://www.instabase.jp/guides/freelance,0.0,0.0,9.0,9.0,2020-02-01,2020-02-29
397,2020-02-01,2020-02-29,パソコン教室 エクセル 東京,https://www.instabase.jp/guides/excel,0.0,0.0,8.0,90.0,2020-02-01,2020-02-29
398,2020-02-01,2020-02-29,パーティ 部屋 レンタル,https://www.instabase.jp/guides/girls_party,0.0,0.0,2.0,7.0,2020-02-01,2020-02-29
399,2020-02-01,2020-02-29,パーティー 場所,https://www.instabase.jp/guides/girls_party,0.0,0.0,1.0,8.0,2020-02-01,2020-02-29
400,2020-02-01,2020-02-29,パーティー 場所 レンタル,https://www.instabase.jp/guides/girls_party,0.0,0.0,1.0,6.0,2020-02-01,2020-02-29
401,2020-02-01,2020-02-29,パーティー 持ち寄り,https://www.instabase.jp/guides/girls_party,0.0,0.0,2.0,80.0,2020-02-01,2020-02-29
402,2020-02-01,2020-02-29,パーティー 貸し部屋,https://www.instabase.jp/guides/girls_party,0.0,0.0,1.0,6.0,2020-02-01,2020-02-29
403,2020-02-01,2020-02-29,パーティー 部屋,https://www.instabase.jp/guides/girls_party,0.0,0.0,6.0,10.5,2020-02-01,2020-02-29
404,2020-02-01,2020-02-29,パーティースペース レンタル,https://www.instabase.jp/guides/girls_party,0.0,0.0,1.0,8.0,2020-02-01,2020-02-29
405,2020-02-01,2020-02-29,パーティールーム 少人数,https://www.instabase.jp/guides/girls_party,0.0,0.0,2.0,6.0,2020-02-01,2020-02-29
406,2020-02-01,2020-02-29,パーティー場所,https://www.instabase.jp/guides/girls_party,0.0,0.0,2.0,7.0,2020-02-01,2020-02-29
407,2020-02-01,2020-02-29,パーティー場所レンタル,https://www.instabase.jp/guides/girls_party,0.0,0.0,1.0,8.0,2020-02-01,2020-02-29
408,2020-02-01,2020-02-29,ファミレス カードゲーム,https://www.instabase.jp/guides/game,0.0,0.0,20.0,10.25,2020-02-01,2020-02-29
409,2020-02-01,2020-02-29,フォトスタジオ 貸切,https://www.instabase.jp/guides/studio,0.0,0.0,8.0,7.75,2020-02-01,2020-02-29
410,2020-02-01,2020-02-29,プレゼン 練習 場所,https://www.instabase.jp/guides/freelance,0.0,0.0,2.0,60.0,2020-02-01,2020-02-29
411,2020-02-01,2020-02-29,ホームパーティー レンタルスペース,https://www.instabase.jp/guides/girls_party,0.0,0.0,1.0,8.0,2020-02-01,2020-02-29
412,2020-02-01,2020-02-29,ボードゲーム オフ会,https://www.instabase.jp/guides/game,0.0,0.0,1.0,17.0,2020-02-01,2020-02-29
413,2020-02-01,2020-02-29,ボードゲーム レンタル,https://www.instabase.jp/guides/game,0.0,0.0,1.0,10.0,2020-02-01,2020-02-29
414,2020-02-01,2020-02-29,ボードゲーム レンタルスペース,https://www.instabase.jp/guides/game,0.0,0.0,5.0,2.4,2020-02-01,2020-02-29
415,2020-02-01,2020-02-29,ボードゲーム 机,https://www.instabase.jp/guides/game,0.0,0.0,6.0,15.833333333333334,2020-02-01,2020-02-29
416,2020-02-01,2020-02-29,ボードゲームオフ会,https://www.instabase.jp/guides/game,0.0,0.0,13.0,21.153846153846153,2020-02-01,2020-02-29
417,2020-02-01,2020-02-29,ボードゲームカフェ 持ち込み,https://www.instabase.jp/guides/game,0.0,0.0,1.0,11.0,2020-02-01,2020-02-29
418,2020-02-01,2020-02-29,ママ会 貸切,https://www.instabase.jp/guides/girls_party,0.0,0.0,1.0,11.0,2020-02-01,2020-02-29
419,2020-02-01,2020-02-29,ミーティング 場所,https://www.instabase.jp/guides/cafe,0.0,0.0,2.0,5.5,2020-02-01,2020-02-29
420,2020-02-01,2020-02-29,ミーティングできるカフェ,https://www.instabase.jp/guides/cafe,0.0,0.0,3.0,2.666666666666667,2020-02-01,2020-02-29
421,2020-02-01,2020-02-29,ムービー撮影 相場,https://www.instabase.jp/guides/studio,0.0,0.0,4.0,41.75,2020-02-01,2020-02-29
422,2020-02-01,2020-02-29,ムービー撮影 都内,https://www.instabase.jp/guides/studio,0.0,0.0,1.0,15.0,2020-02-01,2020-02-29
423,2020-02-01,2020-02-29,ヨガ 大船,https://www.instabase.jp/guides/rental_studio,0.0,0.0,2.0,58.0,2020-02-01,2020-02-29
424,2020-02-01,2020-02-29,ルームパーティー,https://www.instabase.jp/guides/girls_party,0.0,0.0,1.0,7.0,2020-02-01,2020-02-29
425,2020-02-01,2020-02-29,レッスン 場所,https://www.instabase.jp/guides/lesson,0.0,0.0,6.0,2.166666666666667,2020-02-01,2020-02-29
426,2020-02-01,2020-02-29,レンタル スペース パーティー 少 人数,https://www.instabase.jp/guides/girls_party,0.0,0.0,1.0,7.0,2020-02-01,2020-02-29
427,2020-02-01,2020-02-29,レンタル フォトスタジオ,https://www.instabase.jp/guides/studio,0.0,0.0,1.0,10.0,2020-02-01,2020-02-29
428,2020-02-01,2020-02-29,レンタル 写真スタジオ,https://www.instabase.jp/guides/studio,0.0,0.0,1.0,10.0,2020-02-01,2020-02-29
429,2020-02-01,2020-02-29,レンタル 勉強部屋,https://www.instabase.jp/guides/freelance,0.0,0.0,19.0,7.578947368421052,2020-02-01,2020-02-29
430,2020-02-01,2020-02-29,レンタル 学校,https://www.instabase.jp/guides/lesson,0.0,0.0,1.0,3.0,2020-02-01,2020-02-29
431,2020-02-01,2020-02-29,レンタル 撮影 スタジオ,https://www.instabase.jp/guides/studio,0.0,0.0,6.0,9.5,2020-02-01,2020-02-29
432,2020-02-01,2020-02-29,レンタル 撮影スタジオ,https://www.instabase.jp/guides/studio,0.0,0.0,11.0,9.181818181818182,2020-02-01,2020-02-29
433,2020-02-01,2020-02-29,レンタル 開業,https://www.instabase.jp/guides/newcomer,0.0,0.0,1.0,9.0,2020-02-01,2020-02-29
434,2020-02-01,2020-02-29,レンタルサロンとは,https://www.instabase.jp/guides/newcomer,0.0,0.0,4.0,6.25,2020-02-01,2020-02-29
435,2020-02-01,2020-02-29,レンタルスタジオ 写真,https://www.instabase.jp/guides/studio,0.0,0.0,14.0,8.071428571428571,2020-02-01,2020-02-29
436,2020-02-01,2020-02-29,レンタルスタジオ 相場,https://www.instabase.jp/guides/rental_studio,0.0,0.0,1.0,3.0,2020-02-01,2020-02-29
437,2020-02-01,2020-02-29,レンタルスタジオ 都内 撮影,https://www.instabase.jp/guides/studio,0.0,0.0,6.0,6.0,2020-02-01,2020-02-29
438,2020-02-01,2020-02-29,レンタルスペース ゲーム,https://www.instabase.jp/guides/game,0.0,0.0,4.0,5.75,2020-02-01,2020-02-29
439,2020-02-01,2020-02-29,レンタルスペース スタジオ,https://www.instabase.jp/guides/studio,0.0,0.0,31.0,9.064516129032258,2020-02-01,2020-02-29
440,2020-02-01,2020-02-29,レンタルスペース セミナー,https://www.instabase.jp/guides/seminar,0.0,0.0,4.0,4.75,2020-02-01,2020-02-29
441,2020-02-01,2020-02-29,レンタルスペース ボードゲーム,https://www.instabase.jp/guides/game,0.0,0.0,1.0,2.0,2020-02-01,2020-02-29
442,2020-02-01,2020-02-29,レンタルスペース 借り方,https://www.instabase.jp/guides/community_center,0.0,0.0,7.0,6.0,2020-02-01,2020-02-29
443,2020-02-01,2020-02-29,レンタルスペース 大阪 女子会,https://www.instabase.jp/guides/girls_party,0.0,0.0,10.0,5.6,2020-02-01,2020-02-29
444,2020-02-01,2020-02-29,レンタルスペース 女子会,https://www.instabase.jp/guides/girls_party,0.0,0.0,1.0,6.0,2020-02-01,2020-02-29
445,2020-02-01,2020-02-29,レンタルスペース 撮影 安い,https://www.instabase.jp/guides/studio,0.0,0.0,3.0,6.0,2020-02-01,2020-02-29
446,2020-02-01,2020-02-29,レンタルスペース 撮影スタジオ,https://www.instabase.jp/guides/studio,0.0,0.0,80.0,5.15,2020-02-01,2020-02-29
447,2020-02-01,2020-02-29,レンタルスペース 料金,https://www.instabase.jp/guides/lesson,0.0,0.0,20.0,7.8,2020-02-01,2020-02-29
448,2020-02-01,2020-02-29,レンタルスペース 梅田 女子会,https://www.instabase.jp/guides/girls_party,0.0,0.0,4.0,7.0,2020-02-01,2020-02-29
449,2020-02-01,2020-02-29,レンタルスペース 費用,https://www.instabase.jp/guides/lesson,0.0,0.0,2.0,6.0,2020-02-01,2020-02-29
450,2020-02-01,2020-02-29,レンタルフォトスタジオ,https://www.instabase.jp/guides/studio,0.0,0.0,1.0,7.0,2020-02-01,2020-02-29
451,2020-02-01,2020-02-29,レンタルルーム セラピスト,https://www.instabase.jp/guides/therapy,0.0,0.0,52.0,2.5961538461538463,2020-02-01,2020-02-29
452,2020-02-01,2020-02-29,レンタルルーム セラピー,https://www.instabase.jp/guides/therapy,0.0,0.0,61.0,4.672131147540984,2020-02-01,2020-02-29
453,2020-02-01,2020-02-29,レンタルルーム 一人,https://www.instabase.jp/guides/freelance,0.0,0.0,14.0,5.857142857142857,2020-02-01,2020-02-29
454,2020-02-01,2020-02-29,レンタルルーム 借り方,https://www.instabase.jp/guides/community_center,0.0,0.0,15.0,7.8,2020-02-01,2020-02-29
455,2020-02-01,2020-02-29,レンタルルーム 勉強,https://www.instabase.jp/guides/freelance,0.0,0.0,2.0,4.0,2020-02-01,2020-02-29
456,2020-02-01,2020-02-29,レンタルルーム 女子会,https://www.instabase.jp/guides/girls_party,0.0,0.0,1.0,6.0,2020-02-01,2020-02-29
457,2020-02-01,2020-02-29,レンタルルーム 女子会 安い,https://www.instabase.jp/guides/girls_party,0.0,0.0,1.0,7.0,2020-02-01,2020-02-29
458,2020-02-01,2020-02-29,レンタルルーム 用途,https://www.instabase.jp/guides,0.0,0.0,1.0,11.0,2020-02-01,2020-02-29
459,2020-02-01,2020-02-29,レンタル創作スペース,https://www.instabase.jp/guides/freelance,0.0,0.0,6.0,10.833333333333334,2020-02-01,2020-02-29
460,2020-02-01,2020-02-29,レンタル撮影スタジオ,https://www.instabase.jp/guides/studio,0.0,0.0,153.0,10.980392156862745,2020-02-01,2020-02-29
461,2020-02-01,2020-02-29,ロケ スタジオ,https://www.instabase.jp/guides/studio,0.0,0.0,4.0,8.75,2020-02-01,2020-02-29
462,2020-02-01,2020-02-29,ロケ 古民家,https://www.instabase.jp/guides/studio,0.0,0.0,15.0,20.466666666666665,2020-02-01,2020-02-29
463,2020-02-01,2020-02-29,ロケ収録 料金,https://www.instabase.jp/guides/studio,0.0,0.0,5.0,10.2,2020-02-01,2020-02-29
464,2020-02-01,2020-02-29,ロケ撮影 料金,https://www.instabase.jp/guides/studio,0.0,0.0,10.0,80.8,2020-02-01,2020-02-29
465,2020-02-01,2020-02-29,ワークショップ 相場,https://www.instabase.jp/guides/lesson,0.0,0.0,2.0,11.0,2020-02-01,2020-02-29
466,2020-02-01,2020-02-29,丸の内 勉強スペース,https://www.instabase.jp/guides/freelance,0.0,0.0,2.0,24.0,2020-02-01,2020-02-29
467,2020-02-01,2020-02-29,予約できるカフェ,https://www.instabase.jp/guides/cafe,0.0,0.0,26.0,11.23076923076923,2020-02-01,2020-02-29
468,2020-02-01,2020-02-29,予約できるカフェ 新宿,https://www.instabase.jp/guides/cafe,0.0,0.0,3.0,32.0,2020-02-01,2020-02-29
469,2020-02-01,2020-02-29,予約できる喫茶店,https://www.instabase.jp/guides/cafe,0.0,0.0,4.0,9.75,2020-02-01,2020-02-29
470,2020-02-01,2020-02-29,五反田 パソコン教室 エクセル,https://www.instabase.jp/guides/excel,0.0,0.0,4.0,28.75,2020-02-01,2020-02-29
471,2020-02-01,2020-02-29,仕事 自習,https://www.instabase.jp/guides/freelance,0.0,0.0,9.0,3.888888888888889,2020-02-01,2020-02-29
472,2020-02-01,2020-02-29,仕事ができる場所,https://www.instabase.jp/guides/freelance,0.0,0.0,8.0,9.0,2020-02-01,2020-02-29
473,2020-02-01,2020-02-29,伊勢原 ヨガ,https://www.instabase.jp/guides/rental_studio,0.0,0.0,2.0,74.0,2020-02-01,2020-02-29
474,2020-02-01,2020-02-29,会場 安い,https://www.instabase.jp/guides/seminar,0.0,0.0,6.0,6.5,2020-02-01,2020-02-29
475,2020-02-01,2020-02-29,会議室,https://www.instabase.jp/guides/cafe,0.0,0.0,1.0,2.0,2020-02-01,2020-02-29
476,2020-02-01,2020-02-29,会議室 面接,https://www.instabase.jp/guides/interview,0.0,0.0,6.0,8.166666666666668,2020-02-01,2020-02-29
477,2020-02-01,2020-02-29,作業 スペース,https://www.instabase.jp/guides/freelance,0.0,0.0,4.0,9.0,2020-02-01,2020-02-29
478,2020-02-01,2020-02-29,作業ができる場所,https://www.instabase.jp/guides/freelance,0.0,0.0,13.0,8.23076923076923,2020-02-01,2020-02-29
479,2020-02-01,2020-02-29,作業しながら飲める,https://www.instabase.jp/guides/freelance,0.0,0.0,3.0,10.666666666666666,2020-02-01,2020-02-29
480,2020-02-01,2020-02-29,作業する場所,https://www.instabase.jp/guides/freelance,0.0,0.0,4.0,8.75,2020-02-01,2020-02-29
481,2020-02-01,2020-02-29,作業スペース 東京 同人,https://www.instabase.jp/guides/freelance,0.0,0.0,9.0,10.11111111111111,2020-02-01,2020-02-29
482,2020-02-01,2020-02-29,作業用 カフェ,https://www.instabase.jp/guides/freelance,0.0,0.0,8.0,39.0,2020-02-01,2020-02-29
483,2020-02-01,2020-02-29,保険スペース 無料面談,https://www.instabase.jp/guides/interview,0.0,0.0,2.0,66.5,2020-02-01,2020-02-29
484,2020-02-01,2020-02-29,個室 カフェ,https://www.instabase.jp/guides/cafe,0.0,0.0,20.0,35.4,2020-02-01,2020-02-29
485,2020-02-01,2020-02-29,個室 ワーキングスペース,https://www.instabase.jp/guides/freelance,0.0,0.0,2.0,6.0,2020-02-01,2020-02-29
486,2020-02-01,2020-02-29,個室 勉強,https://www.instabase.jp/guides/study_group,0.0,0.0,4.0,72.0,2020-02-01,2020-02-29
487,2020-02-01,2020-02-29,個室 勉強 カフェ,https://www.instabase.jp/guides/freelance,0.0,0.0,16.0,8.1875,2020-02-01,2020-02-29
488,2020-02-01,2020-02-29,個室 場所,https://www.instabase.jp/guides/freelance,0.0,0.0,9.0,6.111111111111111,2020-02-01,2020-02-29
489,2020-02-01,2020-02-29,個室 横浜,https://www.instabase.jp/guides/freelance,0.0,0.0,2.0,62.0,2020-02-01,2020-02-29
490,2020-02-01,2020-02-29,個室 電話,https://www.instabase.jp/guides/freelance,0.0,0.0,5.0,3.0,2020-02-01,2020-02-29
491,2020-02-01,2020-02-29,個室 騒げる,https://www.instabase.jp/guides/freelance,0.0,0.0,4.0,9.25,2020-02-01,2020-02-29
492,2020-02-01,2020-02-29,個室で勉強できる場所,https://www.instabase.jp/guides/freelance,0.0,0.0,18.0,9.222222222222221,2020-02-01,2020-02-29
493,2020-02-01,2020-02-29,個室カフェ,https://www.instabase.jp/guides/cafe,0.0,0.0,12.0,24.666666666666668,2020-02-01,2020-02-29
494,2020-02-01,2020-02-29,個室勉強部屋,https://www.instabase.jp/guides/freelance,0.0,0.0,3.0,1.6666666666666665,2020-02-01,2020-02-29
495,2020-02-01,2020-02-29,個室喫茶,https://www.instabase.jp/guides/cafe,0.0,0.0,2.0,50.5,2020-02-01,2020-02-29
496,2020-02-01,2020-02-29,先生探す 英会話 大阪,https://www.instabase.jp/guides/lesson,0.0,0.0,2.0,63.5,2020-02-01,2020-02-29
497,2020-02-01,2020-02-29,公共 会議室 東京,https://www.instabase.jp/guides/community_center,0.0,0.0,7.0,22.714285714285715,2020-02-01,2020-02-29
498,2020-02-01,2020-02-29,公民館,https://www.instabase.jp/guides/community_center,0.0,0.0,2.0,10.0,2020-02-01,2020-02-29
499,2020-02-01,2020-02-29,公民館 会議室 料金,https://www.instabase.jp/guides/community_center,0.0,0.0,1.0,7.0,2020-02-01,2020-02-29
500,2020-02-01,2020-02-29,公民館 借りる に は,https://www.instabase.jp/guides/community_center,0.0,0.0,2.0,9.0,2020-02-01,2020-02-29
501,2020-02-01,2020-02-29,公民館 新宿,https://www.instabase.jp/guides/community_center,0.0,0.0,11.0,11.181818181818182,2020-02-01,2020-02-29
502,2020-02-01,2020-02-29,公民館 無料,https://www.instabase.jp/guides/community_center,0.0,0.0,1.0,7.0,2020-02-01,2020-02-29
503,2020-02-01,2020-02-29,公民館 近く,https://www.instabase.jp/guides/community_center,0.0,0.0,1.0,12.0,2020-02-01,2020-02-29
504,2020-02-01,2020-02-29,公民館 飲食,https://www.instabase.jp/guides/community_center,0.0,0.0,3.0,8.333333333333332,2020-02-01,2020-02-29
505,2020-02-01,2020-02-29,公民館利用,https://www.instabase.jp/guides/community_center,0.0,0.0,1.0,17.0,2020-02-01,2020-02-29
506,2020-02-01,2020-02-29,写真 スタジオ レンタル,https://www.instabase.jp/guides/studio,0.0,0.0,36.0,8.777777777777779,2020-02-01,2020-02-29
507,2020-02-01,2020-02-29,写真 レンタルスタジオ,https://www.instabase.jp/guides/studio,0.0,0.0,10.0,8.5,2020-02-01,2020-02-29
508,2020-02-01,2020-02-29,写真 撮影 レンタルスペース,https://www.instabase.jp/guides/studio,0.0,0.0,30.0,4.066666666666666,2020-02-01,2020-02-29
509,2020-02-01,2020-02-29,写真 貸しスタジオ,https://www.instabase.jp/guides/studio,0.0,0.0,10.0,7.9,2020-02-01,2020-02-29
510,2020-02-01,2020-02-29,写真スタジオ レンタル,https://www.instabase.jp/guides/studio,0.0,0.0,50.0,8.9,2020-02-01,2020-02-29
511,2020-02-01,2020-02-29,写真スタジオ 借りる,https://www.instabase.jp/guides/studio,0.0,0.0,8.0,7.125,2020-02-01,2020-02-29
512,2020-02-01,2020-02-29,写真スタジオレンタル,https://www.instabase.jp/guides/studio,0.0,0.0,7.0,8.428571428571429,2020-02-01,2020-02-29
513,2020-02-01,2020-02-29,写真撮影 スタジオ,https://www.instabase.jp/guides/studio,0.0,0.0,2.0,51.5,2020-02-01,2020-02-29
514,2020-02-01,2020-02-29,写真撮影 スタジオ 安い,https://www.instabase.jp/guides/studio,0.0,0.0,7.0,8.571428571428571,2020-02-01,2020-02-29
515,2020-02-01,2020-02-29,写真撮影 相場,https://www.instabase.jp/guides/studio,0.0,0.0,6.0,84.33333333333333,2020-02-01,2020-02-29
516,2020-02-01,2020-02-29,出先 電話 場所,https://www.instabase.jp/guides/freelance,0.0,0.0,2.0,10.5,2020-02-01,2020-02-29
517,2020-02-01,2020-02-29,勉強 場所,https://www.instabase.jp/guides/study_group,0.0,0.0,17.0,65.70588235294117,2020-02-01,2020-02-29
518,2020-02-01,2020-02-29,勉強 格安,https://www.instabase.jp/guides/study_group,0.0,0.0,11.0,5.090909090909091,2020-02-01,2020-02-29
519,2020-02-01,2020-02-29,勉強 部屋 借りる,https://www.instabase.jp/guides/freelance,0.0,0.0,5.0,7.8,2020-02-01,2020-02-29
520,2020-02-01,2020-02-29,勉強できる場所 個室,https://www.instabase.jp/guides/freelance,0.0,0.0,1.0,3.0,2020-02-01,2020-02-29
521,2020-02-01,2020-02-29,勉強できる場所 都内,https://www.instabase.jp/guides/freelance,0.0,0.0,2.0,26.5,2020-02-01,2020-02-29
522,2020-02-01,2020-02-29,勉強カフェ 池袋,https://www.instabase.jp/guides/freelance,0.0,0.0,2.0,70.5,2020-02-01,2020-02-29
523,2020-02-01,2020-02-29,勉強会 会場,https://www.instabase.jp/guides/study_group,0.0,0.0,1.0,4.0,2020-02-01,2020-02-29
524,2020-02-01,2020-02-29,勉強会 場所,https://www.instabase.jp/guides/study_group,0.0,0.0,2.0,3.5,2020-02-01,2020-02-29
525,2020-02-01,2020-02-29,動画撮影 スタジオ,https://www.instabase.jp/guides/studio,0.0,0.0,1.0,5.0,2020-02-01,2020-02-29
526,2020-02-01,2020-02-29,動画撮影 安い,https://www.instabase.jp/guides/studio,0.0,0.0,2.0,22.0,2020-02-01,2020-02-29
527,2020-02-01,2020-02-29,動画撮影 相場,https://www.instabase.jp/guides/studio,0.0,0.0,23.0,87.34782608695652,2020-02-01,2020-02-29
528,2020-02-01,2020-02-29,占い カウンセリング 違い,https://www.instabase.jp/guides/therapy,0.0,0.0,2.0,99.0,2020-02-01,2020-02-29
529,2020-02-01,2020-02-29,友達とパーティー 場所,https://www.instabase.jp/guides/girls_party,0.0,0.0,2.0,2.0,2020-02-01,2020-02-29
530,2020-02-01,2020-02-29,友達と料理 場所,https://www.instabase.jp/guides/girls_party,0.0,0.0,1.0,2.0,2020-02-01,2020-02-29
531,2020-02-01,2020-02-29,古民家 撮影スタジオ,https://www.instabase.jp/guides/studio,0.0,0.0,4.0,9.75,2020-02-01,2020-02-29
532,2020-02-01,2020-02-29,名古屋 公民館,https://www.instabase.jp/guides/community_center,0.0,0.0,4.0,13.25,2020-02-01,2020-02-29
533,2020-02-01,2020-02-29,名古屋市 公民館,https://www.instabase.jp/guides/community_center,0.0,0.0,2.0,36.0,2020-02-01,2020-02-29
534,2020-02-01,2020-02-29,名古屋駅 パソコン教室 エクセル,https://www.instabase.jp/guides/excel,0.0,0.0,4.0,55.75,2020-02-01,2020-02-29
535,2020-02-01,2020-02-29,品川 自習室,https://www.instabase.jp/guides/freelance,0.0,0.0,2.0,40.5,2020-02-01,2020-02-29
536,2020-02-01,2020-02-29,商談 カフェ,https://www.instabase.jp/guides/cafe,0.0,0.0,10.0,8.8,2020-02-01,2020-02-29
537,2020-02-01,2020-02-29,商談 喫茶店,https://www.instabase.jp/guides/cafe,0.0,0.0,3.0,9.333333333333334,2020-02-01,2020-02-29
538,2020-02-01,2020-02-29,喫茶店 商談,https://www.instabase.jp/guides/cafe,0.0,0.0,8.0,10.0,2020-02-01,2020-02-29
539,2020-02-01,2020-02-29,喫茶店 打ち合わせ,https://www.instabase.jp/guides/cafe,0.0,0.0,26.0,6.538461538461538,2020-02-01,2020-02-29
540,2020-02-01,2020-02-29,場所貸し,https://www.instabase.jp/guides/lesson,0.0,0.0,2.0,12.0,2020-02-01,2020-02-29
541,2020-02-01,2020-02-29,声が出せる自習室,https://www.instabase.jp/guides/freelance,0.0,0.0,1.0,10.0,2020-02-01,2020-02-29
542,2020-02-01,2020-02-29,外 電話できる場所,https://www.instabase.jp/guides/freelance,0.0,0.0,13.0,9.076923076923077,2020-02-01,2020-02-29
543,2020-02-01,2020-02-29,外で電話できる場所,https://www.instabase.jp/guides/freelance,0.0,0.0,1.0,10.0,2020-02-01,2020-02-29
544,2020-02-01,2020-02-29,外出先 電話 場所,https://www.instabase.jp/guides/freelance,0.0,0.0,1.0,10.0,2020-02-01,2020-02-29
545,2020-02-01,2020-02-29,大阪 女子会 部屋,https://www.instabase.jp/guides/girls_party,0.0,0.0,6.0,5.333333333333333,2020-02-01,2020-02-29
546,2020-02-01,2020-02-29,大阪 自習 カフェ,https://www.instabase.jp/guides/freelance,0.0,0.0,2.0,72.5,2020-02-01,2020-02-29
547,2020-02-01,2020-02-29,大阪 自習室 個室,https://www.instabase.jp/guides/freelance,0.0,0.0,3.0,9.666666666666666,2020-02-01,2020-02-29
548,2020-02-01,2020-02-29,大阪 貸し教室,https://www.instabase.jp/guides/lesson,0.0,0.0,2.0,3.0,2020-02-01,2020-02-29
549,2020-02-01,2020-02-29,大阪公民館,https://www.instabase.jp/guides/community_center,0.0,0.0,24.0,9.666666666666666,2020-02-01,2020-02-29
550,2020-02-01,2020-02-29,大阪市 公民館,https://www.instabase.jp/guides/community_center,0.0,0.0,2.0,20.0,2020-02-01,2020-02-29
551,2020-02-01,2020-02-29,大阪都民会議,https://www.instabase.jp/guides/community_center,0.0,0.0,2.0,9.5,2020-02-01,2020-02-29
552,2020-02-01,2020-02-29,大阪駅 休める場所,https://www.instabase.jp/guides/freelance,0.0,0.0,12.0,65.83333333333333,2020-02-01,2020-02-29
553,2020-02-01,2020-02-29,天神 休める場所,https://www.instabase.jp/guides/freelance,0.0,0.0,4.0,91.25,2020-02-01,2020-02-29
554,2020-02-01,2020-02-29,女子会 パーティールーム 大阪,https://www.instabase.jp/guides/girls_party,0.0,0.0,1.0,4.0,2020-02-01,2020-02-29
555,2020-02-01,2020-02-29,女子会 レンタルルーム,https://www.instabase.jp/guides/girls_party,0.0,0.0,1.0,4.0,2020-02-01,2020-02-29
556,2020-02-01,2020-02-29,女子会 場所,https://www.instabase.jp/guides/girls_party,0.0,0.0,6.0,8.0,2020-02-01,2020-02-29
557,2020-02-01,2020-02-29,女子会 料理,https://www.instabase.jp/guides/girls_party,0.0,0.0,2.0,50.0,2020-02-01,2020-02-29
558,2020-02-01,2020-02-29,女子会 貸し切り,https://www.instabase.jp/guides/girls_party,0.0,0.0,5.0,5.6,2020-02-01,2020-02-29
559,2020-02-01,2020-02-29,女子会 貸切,https://www.instabase.jp/guides/girls_party,0.0,0.0,45.0,5.5777777777777775,2020-02-01,2020-02-29
560,2020-02-01,2020-02-29,女子会 貸切 少人数 大阪,https://www.instabase.jp/guides/girls_party,0.0,0.0,4.0,4.25,2020-02-01,2020-02-29
561,2020-02-01,2020-02-29,女子会 部屋,https://www.instabase.jp/guides/girls_party,0.0,0.0,1.0,9.0,2020-02-01,2020-02-29
562,2020-02-01,2020-02-29,女子会 部屋 レンタル,https://www.instabase.jp/guides/girls_party,0.0,0.0,1.0,6.0,2020-02-01,2020-02-29
563,2020-02-01,2020-02-29,女子会 部屋 レンタル 安い,https://www.instabase.jp/guides/girls_party,0.0,0.0,3.0,5.0,2020-02-01,2020-02-29
564,2020-02-01,2020-02-29,女子会 部屋 レンタル 少人数,https://www.instabase.jp/guides/girls_party,0.0,0.0,3.0,2.666666666666667,2020-02-01,2020-02-29
565,2020-02-01,2020-02-29,学校の教室,https://www.instabase.jp/guides/lesson,0.0,0.0,2.0,21.0,2020-02-01,2020-02-29
566,2020-02-01,2020-02-29,学校レンタル,https://www.instabase.jp/guides/lesson,0.0,0.0,2.0,5.0,2020-02-01,2020-02-29
567,2020-02-01,2020-02-29,少人数 パーティー会場,https://www.instabase.jp/guides/girls_party,0.0,0.0,1.0,6.0,2020-02-01,2020-02-29
568,2020-02-01,2020-02-29,少人数セミナー,https://www.instabase.jp/guides/seminar,0.0,0.0,7.0,3.857142857142857,2020-02-01,2020-02-29
569,2020-02-01,2020-02-29,山形 レンタルルーム リラックス,https://www.instabase.jp/guides/therapy,0.0,0.0,9.0,16.0,2020-02-01,2020-02-29
570,2020-02-01,2020-02-29,岡山 出張カウンセリング,https://www.instabase.jp/guides/therapy,0.0,0.0,2.0,89.0,2020-02-01,2020-02-29
571,2020-02-01,2020-02-29,岡山市 フォトスタジオ 格安プラン,https://www.instabase.jp/guides/studio,0.0,0.0,2.0,58.5,2020-02-01,2020-02-29
572,2020-02-01,2020-02-29,川崎 電源カフェ,https://www.instabase.jp/guides/freelance,0.0,0.0,2.0,73.0,2020-02-01,2020-02-29
573,2020-02-01,2020-02-29,川崎市 自習室 個室,https://www.instabase.jp/guides/freelance,0.0,0.0,14.0,11.0,2020-02-01,2020-02-29
574,2020-02-01,2020-02-29,打ち合わせできるカフェ,https://www.instabase.jp/guides/cafe,0.0,0.0,4.0,1.75,2020-02-01,2020-02-29
575,2020-02-01,2020-02-29,持ち寄りパーティー,https://www.instabase.jp/guides/girls_party,0.0,0.0,4.0,68.25,2020-02-01,2020-02-29
576,2020-02-01,2020-02-29,持ち込み パーティー,https://www.instabase.jp/guides/girls_party,0.0,0.0,6.0,10.666666666666666,2020-02-01,2020-02-29
577,2020-02-01,2020-02-29,撮影 スペース,https://www.instabase.jp/guides/studio,0.0,0.0,11.0,8.09090909090909,2020-02-01,2020-02-29
578,2020-02-01,2020-02-29,撮影 レンタル,https://www.instabase.jp/guides/studio,0.0,0.0,12.0,7.916666666666667,2020-02-01,2020-02-29
579,2020-02-01,2020-02-29,撮影 レンタル スタジオ,https://www.instabase.jp/guides/studio,0.0,0.0,2.0,11.0,2020-02-01,2020-02-29
580,2020-02-01,2020-02-29,撮影 レンタルスペース,https://www.instabase.jp/guides/studio,0.0,0.0,4.0,7.0,2020-02-01,2020-02-29
581,2020-02-01,2020-02-29,撮影 貸しスタジオ,https://www.instabase.jp/guides/studio,0.0,0.0,8.0,8.625,2020-02-01,2020-02-29
582,2020-02-01,2020-02-29,撮影スタジオ,https://www.instabase.jp/guides/studio,0.0,0.0,2.0,9.0,2020-02-01,2020-02-29
583,2020-02-01,2020-02-29,撮影スタジオ スペース,https://www.instabase.jp/guides/studio,0.0,0.0,5.0,6.4,2020-02-01,2020-02-29
584,2020-02-01,2020-02-29,撮影スタジオ 九州,https://www.instabase.jp/guides/studio,0.0,0.0,32.0,30.8125,2020-02-01,2020-02-29
585,2020-02-01,2020-02-29,撮影スタジオ 料金,https://www.instabase.jp/guides/studio,0.0,0.0,11.0,8.454545454545453,2020-02-01,2020-02-29
586,2020-02-01,2020-02-29,撮影スタジオ 東海,https://www.instabase.jp/guides/studio,0.0,0.0,4.0,28.75,2020-02-01,2020-02-29
587,2020-02-01,2020-02-29,撮影スタジオレンタル,https://www.instabase.jp/guides/studio,0.0,0.0,7.0,8.0,2020-02-01,2020-02-29
588,2020-02-01,2020-02-29,撮影スペース レンタル,https://www.instabase.jp/guides/studio,0.0,0.0,7.0,6.428571428571429,2020-02-01,2020-02-29
589,2020-02-01,2020-02-29,撮影レンタルスタジオ,https://www.instabase.jp/guides/studio,0.0,0.0,5.0,8.6,2020-02-01,2020-02-29
590,2020-02-01,2020-02-29,撮影会場,https://www.instabase.jp/guides/studio,0.0,0.0,7.0,5.285714285714286,2020-02-01,2020-02-29
591,2020-02-01,2020-02-29,教室 会場,https://www.instabase.jp/guides/lesson,0.0,0.0,63.0,5.492063492063492,2020-02-01,2020-02-29
592,2020-02-01,2020-02-29,新宿 booth 持ち込み,https://www.instabase.jp/guides/freelance,0.0,0.0,2.0,13.0,2020-02-01,2020-02-29
593,2020-02-01,2020-02-29,新宿 ゆっくりできる場所,https://www.instabase.jp/guides/freelance,0.0,0.0,2.0,69.0,2020-02-01,2020-02-29
594,2020-02-01,2020-02-29,新宿 カウンセリング,https://www.instabase.jp/guides/therapy,0.0,0.0,12.0,55.75,2020-02-01,2020-02-29
595,2020-02-01,2020-02-29,新宿 カフェ ミーティング,https://www.instabase.jp/guides/cafe,0.0,0.0,2.0,23.5,2020-02-01,2020-02-29
596,2020-02-01,2020-02-29,新宿 カフェ 会議室,https://www.instabase.jp/guides/cafe,0.0,0.0,1.0,6.0,2020-02-01,2020-02-29
597,2020-02-01,2020-02-29,新宿 カフェ 個室 会議,https://www.instabase.jp/guides/cafe,0.0,0.0,2.0,8.0,2020-02-01,2020-02-29
598,2020-02-01,2020-02-29,新宿 休める場所,https://www.instabase.jp/guides/freelance,0.0,0.0,12.0,60.916666666666664,2020-02-01,2020-02-29
599,2020-02-01,2020-02-29,新宿 個室 カフェ,https://www.instabase.jp/guides/cafe,0.0,0.0,2.0,71.0,2020-02-01,2020-02-29
600,2020-02-01,2020-02-29,新宿 自習室 個室,https://www.instabase.jp/guides/freelance,0.0,0.0,1.0,5.0,2020-02-01,2020-02-29
601,2020-02-01,2020-02-29,新宿 電話できるところ,https://www.instabase.jp/guides/freelance,0.0,0.0,4.0,5.0,2020-02-01,2020-02-29
602,2020-02-01,2020-02-29,書斎 借りる,https://www.instabase.jp/guides/freelance,0.0,0.0,6.0,10.666666666666666,2020-02-01,2020-02-29
603,2020-02-01,2020-02-29,有料自習室 個室,https://www.instabase.jp/guides/freelance,0.0,0.0,1.0,10.0,2020-02-01,2020-02-29
604,2020-02-01,2020-02-29,東京 カウンセリング 女性専用,https://www.instabase.jp/guides/therapy,0.0,0.0,4.0,95.25,2020-02-01,2020-02-29
605,2020-02-01,2020-02-29,東京 カフェ カウンセリング,https://www.instabase.jp/guides/therapy,0.0,0.0,15.0,7.4,2020-02-01,2020-02-29
606,2020-02-01,2020-02-29,東京 セミナー会場 安い,https://www.instabase.jp/guides/seminar,0.0,0.0,22.0,3.090909090909091,2020-02-01,2020-02-29
607,2020-02-01,2020-02-29,東京 セミナー会場 格安,https://www.instabase.jp/guides/seminar,0.0,0.0,9.0,3.2222222222222223,2020-02-01,2020-02-29
608,2020-02-01,2020-02-29,東京 セラピー,https://www.instabase.jp/guides/therapy,0.0,0.0,23.0,36.52173913043478,2020-02-01,2020-02-29
609,2020-02-01,2020-02-29,東京 個室カフェ,https://www.instabase.jp/guides/freelance,0.0,0.0,1.0,19.0,2020-02-01,2020-02-29
610,2020-02-01,2020-02-29,東京 公共 会議室,https://www.instabase.jp/guides/community_center,0.0,0.0,3.0,29.666666666666668,2020-02-01,2020-02-29
611,2020-02-01,2020-02-29,東京 自習 カフェ,https://www.instabase.jp/guides/freelance,0.0,0.0,2.0,37.0,2020-02-01,2020-02-29
612,2020-02-01,2020-02-29,東京 自習室,https://www.instabase.jp/guides/freelance,0.0,0.0,5.0,29.8,2020-02-01,2020-02-29
613,2020-02-01,2020-02-29,東京 自習室 個室,https://www.instabase.jp/guides/freelance,0.0,0.0,1.0,10.0,2020-02-01,2020-02-29
614,2020-02-01,2020-02-29,東京 貸し会議室 公共,https://www.instabase.jp/guides/community_center,0.0,0.0,7.0,13.857142857142858,2020-02-01,2020-02-29
615,2020-02-01,2020-02-29,東京 集会,https://www.instabase.jp/guides/community_center,0.0,0.0,14.0,5.0,2020-02-01,2020-02-29
616,2020-02-01,2020-02-29,東京カフェカウンセリング,https://www.instabase.jp/guides/therapy,0.0,0.0,45.0,10.866666666666667,2020-02-01,2020-02-29
617,2020-02-01,2020-02-29,東京駅 休める場所,https://www.instabase.jp/guides/freelance,0.0,0.0,10.0,61.6,2020-02-01,2020-02-29
618,2020-02-01,2020-02-29,東京駅 自習室,https://www.instabase.jp/guides/freelance,0.0,0.0,4.0,19.75,2020-02-01,2020-02-29
619,2020-02-01,2020-02-29,格安 勉強,https://www.instabase.jp/guides/study_group,0.0,0.0,24.0,5.416666666666667,2020-02-01,2020-02-29
620,2020-02-01,2020-02-29,格安 東京 試験会場,https://www.instabase.jp/guides/interview,0.0,0.0,28.0,2.4642857142857144,2020-02-01,2020-02-29
621,2020-02-01,2020-02-29,格安 研修,https://www.instabase.jp/guides/seminar,0.0,0.0,6.0,3.5,2020-02-01,2020-02-29
622,2020-02-01,2020-02-29,梅田 カフェ 作業,https://www.instabase.jp/guides/freelance,0.0,0.0,2.0,45.0,2020-02-01,2020-02-29
623,2020-02-01,2020-02-29,梅田 レンタルスペース 女子会,https://www.instabase.jp/guides/girls_party,0.0,0.0,14.0,6.857142857142857,2020-02-01,2020-02-29
624,2020-02-01,2020-02-29,横浜 個室 カフェ,https://www.instabase.jp/guides/cafe,0.0,0.0,2.0,31.5,2020-02-01,2020-02-29
625,2020-02-01,2020-02-29,横浜 勉強部屋,https://www.instabase.jp/guides/freelance,0.0,0.0,2.0,18.5,2020-02-01,2020-02-29
626,2020-02-01,2020-02-29,横浜 打ち合わせ 個室 カフェ,https://www.instabase.jp/guides/cafe,0.0,0.0,4.0,7.0,2020-02-01,2020-02-29
627,2020-02-01,2020-02-29,池袋 ゆっくりできる場所,https://www.instabase.jp/guides/freelance,0.0,0.0,2.0,91.0,2020-02-01,2020-02-29
628,2020-02-01,2020-02-29,池袋 カウンセリング,https://www.instabase.jp/guides/therapy,0.0,0.0,11.0,63.0,2020-02-01,2020-02-29
629,2020-02-01,2020-02-29,池袋 休める場所,https://www.instabase.jp/guides/freelance,0.0,0.0,6.0,64.33333333333334,2020-02-01,2020-02-29
630,2020-02-01,2020-02-29,池袋 公民館,https://www.instabase.jp/guides/community_center,0.0,0.0,2.0,14.5,2020-02-01,2020-02-29
631,2020-02-01,2020-02-29,浜松町 自習室,https://www.instabase.jp/guides/freelance,0.0,0.0,6.0,8.666666666666668,2020-02-01,2020-02-29
632,2020-02-01,2020-02-29,渋谷 カウンセリング,https://www.instabase.jp/guides/therapy,0.0,0.0,41.0,49.926829268292686,2020-02-01,2020-02-29
633,2020-02-01,2020-02-29,渋谷 公民館,https://www.instabase.jp/guides/community_center,0.0,0.0,23.0,11.652173913043478,2020-02-01,2020-02-29
634,2020-02-01,2020-02-29,渋谷 写真館 格安プラン,https://www.instabase.jp/guides/studio,0.0,0.0,2.0,52.0,2020-02-01,2020-02-29
635,2020-02-01,2020-02-29,渋谷 勉強 カフェ,https://www.instabase.jp/guides/freelance,0.0,0.0,2.0,60.5,2020-02-01,2020-02-29
636,2020-02-01,2020-02-29,渋谷公民館,https://www.instabase.jp/guides/community_center,0.0,0.0,23.0,10.434782608695652,2020-02-01,2020-02-29
637,2020-02-01,2020-02-29,漫画喫茶 勉強,https://www.instabase.jp/guides/freelance,0.0,0.0,7.0,16.142857142857142,2020-02-01,2020-02-29
638,2020-02-01,2020-02-29,町田 ヨガ 安い,https://www.instabase.jp/guides/rental_studio,0.0,0.0,2.0,74.5,2020-02-01,2020-02-29
639,2020-02-01,2020-02-29,研修会場 格安,https://www.instabase.jp/guides/seminar,0.0,0.0,47.0,3.851063829787234,2020-02-01,2020-02-29
640,2020-02-01,2020-02-29,秋葉原 パソコン教室,https://www.instabase.jp/guides/excel,0.0,0.0,4.0,85.5,2020-02-01,2020-02-29
641,2020-02-01,2020-02-29,秋葉原 公民館,https://www.instabase.jp/guides/community_center,0.0,0.0,3.0,12.0,2020-02-01,2020-02-29
642,2020-02-01,2020-02-29,秋葉原 同人 作業スペース,https://www.instabase.jp/guides/freelance,0.0,0.0,2.0,60.0,2020-02-01,2020-02-29
643,2020-02-01,2020-02-29,立川 自習室 個室,https://www.instabase.jp/guides/freelance,0.0,0.0,1.0,14.0,2020-02-01,2020-02-29
644,2020-02-01,2020-02-29,立川 自習室 格安,https://www.instabase.jp/guides/freelance,0.0,0.0,13.0,9.846153846153847,2020-02-01,2020-02-29
645,2020-02-01,2020-02-29,習い事 スペース,https://www.instabase.jp/guides/lesson,0.0,0.0,3.0,4.0,2020-02-01,2020-02-29
646,2020-02-01,2020-02-29,習い事 場所,https://www.instabase.jp/guides/lesson,0.0,0.0,16.0,13.1875,2020-02-01,2020-02-29
647,2020-02-01,2020-02-29,自炊 レンタルスペース 東京,https://www.instabase.jp/guides/girls_party,0.0,0.0,2.0,29.5,2020-02-01,2020-02-29
648,2020-02-01,2020-02-29,自習 カフェ 大阪,https://www.instabase.jp/guides/freelance,0.0,0.0,2.0,70.0,2020-02-01,2020-02-29
649,2020-02-01,2020-02-29,自習できる図書館 東京,https://www.instabase.jp/guides/freelance,0.0,0.0,2.0,44.5,2020-02-01,2020-02-29
650,2020-02-01,2020-02-29,自習室 五反田,https://www.instabase.jp/guides/freelance,0.0,0.0,6.0,47.0,2020-02-01,2020-02-29
651,2020-02-01,2020-02-29,自習室 個室 大阪,https://www.instabase.jp/guides/freelance,0.0,0.0,1.0,12.0,2020-02-01,2020-02-29
652,2020-02-01,2020-02-29,自習室 埼玉,https://www.instabase.jp/guides/freelance,0.0,0.0,3.0,81.0,2020-02-01,2020-02-29
653,2020-02-01,2020-02-29,自習室 時間貸し,https://www.instabase.jp/guides/freelance,0.0,0.0,2.0,6.5,2020-02-01,2020-02-29
654,2020-02-01,2020-02-29,自習室 東京 個室,https://www.instabase.jp/guides/freelance,0.0,0.0,1.0,8.0,2020-02-01,2020-02-29
655,2020-02-01,2020-02-29,試験会場 安い,https://www.instabase.jp/guides/interview,0.0,0.0,4.0,3.0,2020-02-01,2020-02-29
656,2020-02-01,2020-02-29,試験会場 格安,https://www.instabase.jp/guides/interview,0.0,0.0,57.0,3.3508771929824563,2020-02-01,2020-02-29
657,2020-02-01,2020-02-29,誕生日 レンタルルーム 少人数,https://www.instabase.jp/guides/girls_party,0.0,0.0,1.0,6.0,2020-02-01,2020-02-29
658,2020-02-01,2020-02-29,誕生日 貸切 少人数,https://www.instabase.jp/guides/girls_party,0.0,0.0,3.0,5.666666666666667,2020-02-01,2020-02-29
659,2020-02-01,2020-02-29,講習会 会場,https://www.instabase.jp/guides/seminar,0.0,0.0,2.0,4.0,2020-02-01,2020-02-29
660,2020-02-01,2020-02-29,貸し スペース,https://www.instabase.jp/guides,0.0,0.0,8.0,5.75,2020-02-01,2020-02-29
661,2020-02-01,2020-02-29,貸し 会場,https://www.instabase.jp/guides,0.0,0.0,9.0,7.666666666666667,2020-02-01,2020-02-29
662,2020-02-01,2020-02-29,貸し 会社説明会 会場,https://www.instabase.jp/guides/interview,0.0,0.0,9.0,12.555555555555555,2020-02-01,2020-02-29
663,2020-02-01,2020-02-29,貸し 会社説明会 会場 大阪,https://www.instabase.jp/guides/interview,0.0,0.0,35.0,13.085714285714285,2020-02-01,2020-02-29
664,2020-02-01,2020-02-29,貸し 研修 会場,https://www.instabase.jp/guides/seminar,0.0,0.0,19.0,9.526315789473685,2020-02-01,2020-02-29
665,2020-02-01,2020-02-29,貸し 研修会場,https://www.instabase.jp/guides/seminar,0.0,0.0,14.0,9.857142857142858,2020-02-01,2020-02-29
666,2020-02-01,2020-02-29,貸し 講演会場,https://www.instabase.jp/guides/seminar,0.0,0.0,26.0,8.538461538461538,2020-02-01,2020-02-29
667,2020-02-01,2020-02-29,貸しスタジオ,https://www.instabase.jp/guides/rental_studio,0.0,0.0,5.0,2.8,2020-02-01,2020-02-29
668,2020-02-01,2020-02-29,貸しスタジオ 写真,https://www.instabase.jp/guides/studio,0.0,0.0,8.0,8.625,2020-02-01,2020-02-29
669,2020-02-01,2020-02-29,貸しスタジオ 東京 撮影,https://www.instabase.jp/guides/studio,0.0,0.0,2.0,7.5,2020-02-01,2020-02-29
670,2020-02-01,2020-02-29,貸しスペース,https://www.instabase.jp/guides,0.0,0.0,38.0,4.842105263157895,2020-02-01,2020-02-29
671,2020-02-01,2020-02-29,貸しセミナールーム,https://www.instabase.jp/guides/seminar,0.0,0.0,5.0,6.8,2020-02-01,2020-02-29
672,2020-02-01,2020-02-29,貸し会議室 ゲーム,https://www.instabase.jp/guides/game,0.0,0.0,2.0,2.0,2020-02-01,2020-02-29
673,2020-02-01,2020-02-29,貸し会議室 ボードゲーム,https://www.instabase.jp/guides/game,0.0,0.0,32.0,2.8125,2020-02-01,2020-02-29
674,2020-02-01,2020-02-29,貸し会議室 激安 セミナー,https://www.instabase.jp/guides/seminar,0.0,0.0,4.0,7.75,2020-02-01,2020-02-29
675,2020-02-01,2020-02-29,貸し会議室 激安 目的,https://www.instabase.jp/guides,0.0,0.0,34.0,4.147058823529411,2020-02-01,2020-02-29
676,2020-02-01,2020-02-29,貸し会議室 激安 研修,https://www.instabase.jp/guides/seminar,0.0,0.0,2.0,8.0,2020-02-01,2020-02-29
677,2020-02-01,2020-02-29,貸し会議室 用途,https://www.instabase.jp/guides,0.0,0.0,45.0,6.4,2020-02-01,2020-02-29
678,2020-02-01,2020-02-29,貸し切れる場所,https://www.instabase.jp/guides/girls_party,0.0,0.0,1.0,6.0,2020-02-01,2020-02-29
679,2020-02-01,2020-02-29,貸会議室 独立,https://www.instabase.jp/guides/newcomer,0.0,0.0,6.0,8.166666666666668,2020-02-01,2020-02-29
680,2020-02-01,2020-02-29,貸切 スタジオ,https://www.instabase.jp/guides/studio,0.0,0.0,61.0,8.918032786885245,2020-02-01,2020-02-29
681,2020-02-01,2020-02-29,貸切 女子会,https://www.instabase.jp/guides/girls_party,0.0,0.0,25.0,5.4,2020-02-01,2020-02-29
682,2020-02-01,2020-02-29,貸切 部屋,https://www.instabase.jp/guides/girls_party,0.0,0.0,19.0,4.421052631578947,2020-02-01,2020-02-29
683,2020-02-01,2020-02-29,貸切スタジオ,https://www.instabase.jp/guides/studio,0.0,0.0,23.0,9.91304347826087,2020-02-01,2020-02-29
684,2020-02-01,2020-02-29,貸切スペース,https://www.instabase.jp/guides/girls_party,0.0,0.0,1.0,8.0,2020-02-01,2020-02-29
685,2020-02-01,2020-02-29,貸切部屋 女子会,https://www.instabase.jp/guides/girls_party,0.0,0.0,3.0,4.333333333333334,2020-02-01,2020-02-29
686,2020-02-01,2020-02-29,起業 リラクゼーション,https://www.instabase.jp/guides/newcomer,0.0,0.0,2.0,85.0,2020-02-01,2020-02-29
687,2020-02-01,2020-02-29,近くの公民館,https://www.instabase.jp/guides/community_center,0.0,0.0,2.0,10.0,2020-02-01,2020-02-29
688,2020-02-01,2020-02-29,近くの貸しスタジオ,https://www.instabase.jp/guides/rental_studio,0.0,0.0,8.0,3.375,2020-02-01,2020-02-29
689,2020-02-01,2020-02-29,近くの集会所,https://www.instabase.jp/guides/community_center,0.0,0.0,72.0,4.902777777777778,2020-02-01,2020-02-29
690,2020-02-01,2020-02-29,通話できる場所,https://www.instabase.jp/guides/freelance,0.0,0.0,6.0,8.833333333333332,2020-02-01,2020-02-29
691,2020-02-01,2020-02-29,部屋 貸切 パーティー,https://www.instabase.jp/guides/girls_party,0.0,0.0,2.0,7.5,2020-02-01,2020-02-29
692,2020-02-01,2020-02-29,部屋を借りてパーティー,https://www.instabase.jp/guides/girls_party,0.0,0.0,2.0,5.5,2020-02-01,2020-02-29
693,2020-02-01,2020-02-29,部屋借りて女子会,https://www.instabase.jp/guides/girls_party,0.0,0.0,1.0,3.0,2020-02-01,2020-02-29
694,2020-02-01,2020-02-29,部屋貸切,https://www.instabase.jp/guides/girls_party,0.0,0.0,29.0,3.3448275862068964,2020-02-01,2020-02-29
695,2020-02-01,2020-02-29,都内 個室,https://www.instabase.jp/guides/therapy,0.0,0.0,2.0,33.0,2020-02-01,2020-02-29
696,2020-02-01,2020-02-29,都内 公民館,https://www.instabase.jp/guides/community_center,0.0,0.0,2.0,3.5,2020-02-01,2020-02-29
697,2020-02-01,2020-02-29,都内 勉強 カフェ,https://www.instabase.jp/guides/freelance,0.0,0.0,2.0,32.0,2020-02-01,2020-02-29
698,2020-02-01,2020-02-29,都内 打ち合わせ カフェ,https://www.instabase.jp/guides/cafe,0.0,0.0,4.0,10.5,2020-02-01,2020-02-29
699,2020-02-01,2020-02-29,銀座 カウンセリングルーム,https://www.instabase.jp/guides/therapy,0.0,0.0,7.0,66.42857142857143,2020-02-01,2020-02-29
700,2020-02-01,2020-02-29,銀座カウンセリングルーム,https://www.instabase.jp/guides/therapy,0.0,0.0,2.0,68.5,2020-02-01,2020-02-29
701,2020-02-01,2020-02-29,長崎 個室 カフェ,https://www.instabase.jp/guides/freelance,0.0,0.0,2.0,65.5,2020-02-01,2020-02-29
702,2020-02-01,2020-02-29,長電話できる場所,https://www.instabase.jp/guides/freelance,0.0,0.0,3.0,11.0,2020-02-01,2020-02-29
703,2020-02-01,2020-02-29,集会所 利用料,https://www.instabase.jp/guides/community_center,0.0,0.0,4.0,11.25,2020-02-01,2020-02-29
704,2020-02-01,2020-02-29,電話 外 場所,https://www.instabase.jp/guides/freelance,0.0,0.0,2.0,12.5,2020-02-01,2020-02-29
705,2020-02-01,2020-02-29,電話ができる場所,https://www.instabase.jp/guides/freelance,0.0,0.0,6.0,9.166666666666666,2020-02-01,2020-02-29
706,2020-02-01,2020-02-29,電話しやすい場所,https://www.instabase.jp/guides/freelance,0.0,0.0,2.0,11.0,2020-02-01,2020-02-29
707,2020-02-01,2020-02-29,電話できるところ,https://www.instabase.jp/guides/freelance,0.0,0.0,9.0,10.0,2020-02-01,2020-02-29
708,2020-02-01,2020-02-29,電話可能なカフェ,https://www.instabase.jp/guides/freelance,0.0,0.0,17.0,5.823529411764706,2020-02-01,2020-02-29
709,2020-02-01,2020-02-29,青森 貸切パーティー,https://www.instabase.jp/guides/girls_party,0.0,0.0,6.0,61.5,2020-02-01,2020-02-29
710,2020-02-01,2020-02-29,面接 スペース,https://www.instabase.jp/guides/interview,0.0,0.0,1.0,4.0,2020-02-01,2020-02-29
711,2020-02-01,2020-02-29,面接 会場,https://www.instabase.jp/guides/interview,0.0,0.0,55.0,13.090909090909092,2020-02-01,2020-02-29
712,2020-02-01,2020-02-29,面接 会議室,https://www.instabase.jp/guides/interview,0.0,0.0,13.0,7.461538461538462,2020-02-01,2020-02-29
713,2020-02-01,2020-02-29,面接 貸し会議室,https://www.instabase.jp/guides/interview,0.0,0.0,6.0,5.5,2020-02-01,2020-02-29
714,2020-02-01,2020-02-29,面接 貸会議室,https://www.instabase.jp/guides/interview,0.0,0.0,27.0,6.148148148148148,2020-02-01,2020-02-29
715,2020-02-01,2020-02-29,面接会場,https://www.instabase.jp/guides/interview,0.0,0.0,38.0,16.94736842105263,2020-02-01,2020-02-29
716,2020-02-01,2020-02-29,面接会場 予約,https://www.instabase.jp/guides/interview,0.0,0.0,36.0,1.0,2020-02-01,2020-02-29
717,2020-02-01,2020-02-29,駅 作業スペース,https://www.instabase.jp/guides/freelance,0.0,0.0,2.0,10.0,2020-02-01,2020-02-29
718,2020-02-01,2020-02-29,騒げる場所 個室,https://www.instabase.jp/guides/study_group,0.0,0.0,3.0,5.666666666666667,2020-02-01,2020-02-29
